INSERT INTO "entidades_departamento" ("id", "nombre", "codigo", "latitud", "longitud") VALUES
(1,	'Amazonas',	'91',	-1.0197222,	-71.9383333),
(2,	'Antioquia',	'05',	7,	-75.5),
(3,	'Arauca',	'81',	7.0902778,	-70.7616667),
(4,	'Atlántico',	'08',	10.75,	-75),
(5,	'Bolívar',	'13',	9,	-74.3333333),
(6,	'Boyacá',	'15',	5.5,	-72.5),
(7,	'Caldas',	'17',	5.25,	-75.5),
(8,	'Caquetá',	'18',	1,	-74),
(9,	'Casanare',	'85',	5.5,	-71.5),
(10,	'Cauca',	'19',	2.5,	-76.8333333),
(11,	'Cesar',	'20',	9.3333333,	-73.5),
(12,	'Chocó',	'27',	6,	-77),
(13,	'Cundinamarca',	'25',	5,	-74.1666667),
(14,	'Córdoba',	'23',	8.3333333,	-75.6666667),
(15,	'Guainía',	'94',	2.5,	-69),
(16,	'Guaviare',	'95',	1.6894444,	-72.8202778),
(17,	'Huila',	'41',	2.5,	-75.75),
(18,	'La Guajira',	'44',	11.5,	-72.5),
(19,	'Magdalena',	'47',	10,	-74.5),
(20,	'Meta',	'50',	3.5,	-73),
(21,	'Nariño',	'52',	1.5,	-78),
(22,	'Norte de Santander',	'54',	8,	-73),
(23,	'Putumayo',	'86',	0.5,	-76),
(24,	'Quindío',	'63',	4.5,	-75.6666667),
(25,	'Risaralda',	'66',	5,	-76),
(26,	'San Andrés',	'88',	12.5847222,	-81.7005556),
(27,	'Santander',	'68',	7,	-73.25),
(28,	'Sucre',	'70',	9,	-75),
(29,	'Tolima',	'73',	3.75,	-75.25),
(30,	'Valle del Cauca',	'76',	3.75,	-76.5),
(31,	'Vaupés',	'97',	0.25,	-70.75),
(32,	'Vichada',	'99',	5,	-69.5);


INSERT INTO "entidades_ciudad" ("id", "nombre", "codigo", "latitud", "longitud", "departamento_id") VALUES
(1,	'Abejorral',	'05002',	5.75,	-75.4166667,	2),
(2,	'Abriaquí',	'05004',	6.6666667,	-76.0833333,	2),
(3,	'Acacías',	'50006',	3.9166667,	-73.8333333,	20),
(4,	'Acandí',	'27006',	8.3333333,	-77.1666667,	12),
(5,	'Acevedo',	'41006',	1.75,	-75.9166667,	17),
(6,	'Achí',	'13006',	8.25,	-74.5,	5),
(7,	'Agrado',	'41013',	2.3333333,	-75.75,	17),
(8,	'Agua de Dios',	'25001',	4.4166667,	-74.6666667,	13),
(9,	'Aguachica',	'20011',	8.3333333,	-73.5833333,	11),
(10,	'Aguada',	'68013',	6.25,	-73.4666667,	27),
(11,	'Aguadas',	'17013',	5.6333333,	-75.4166667,	7),
(12,	'Aguazul',	'85010',	5.1730556,	-72.5547222,	9),
(13,	'Agustín Codazzi',	'20013',	9.9166667,	-73.25,	11),
(14,	'Aipe',	'41016',	3.25,	-75.3333333,	17),
(15,	'Albania',	'18029',	1.3316667,	-75.8822222,	8),
(16,	'Albania',	'44035',	11.1597222,	-72.5855556,	18),
(17,	'Albania',	'68020',	5.8333333,	-73.75,	27),
(18,	'Albán',	'25019',	4.9166667,	-74.45,	13),
(19,	'Albán (San José)',	'52019',	1.4744444,	-77.0836111,	21),
(20,	'Alcalá',	'76020',	4.6666667,	-75.75,	30),
(21,	'Aldana',	'52022',	0.9166667,	-77.6833333,	21),
(22,	'Alejandria',	'05021',	6.3666667,	-75.0833333,	2),
(23,	'Algarrobo',	'47030',	10.1869444,	-74.5752778,	19),
(24,	'Algeciras',	'41020',	2.5833333,	-75.25,	17),
(25,	'Almaguer',	'19022',	1.9166667,	-76.8333333,	10),
(26,	'Almeida',	'15022',	4.9166667,	-73.3333333,	6),
(27,	'Alpujarra',	'73024',	3.4166667,	-74.9166667,	29),
(28,	'Altamira',	'41026',	2.1666667,	-75.8333333,	17),
(29,	'Alto Baudó (Pie de Pato)',	'27025',	5.6666667,	-77,	12),
(30,	'Altos del Rosario',	'13030',	8.7944444,	-74.1658333,	5),
(31,	'Alvarado',	'73026',	4.5833333,	-75,	29),
(32,	'Amagá',	'05030',	6.05,	-75.7,	2),
(33,	'Amalfi',	'05031',	7,	-74.9166667,	2),
(34,	'Ambalema',	'73030',	4.8333333,	-74.8333333,	29),
(35,	'Anapoima',	'25035',	4.6166667,	-74.55,	13),
(36,	'Ancuya',	'52036',	1.25,	-77.5,	21),
(37,	'Andalucía',	'76036',	4.1741667,	-76.1702778,	30),
(38,	'Andes',	'05034',	5.5833333,	-75.9166667,	2),
(39,	'Angelópolis',	'05036',	6.1333333,	-75.7,	2),
(40,	'Angostura',	'05038',	6.8666667,	-75.3333333,	2),
(41,	'Anolaima',	'25040',	4.8333333,	-74.5,	13),
(42,	'Anorí',	'05040',	7.1666667,	-75.0833333,	2),
(43,	'Anserma',	'17042',	5.25,	-75.75,	7),
(44,	'Ansermanuevo',	'76041',	4.7972222,	-75.995,	30),
(45,	'Anzoátegui',	'73043',	4.6666667,	-75.25,	29),
(46,	'Anzá',	'05044',	6.3333333,	-75.9166667,	2),
(47,	'Apartadó',	'05045',	7.8855556,	-76.6347222,	2),
(48,	'Apulo',	'25599',	4.5833333,	-74.5833333,	13),
(49,	'Apía',	'66045',	5.1666667,	-76,	25),
(50,	'Aquitania',	'15047',	5.5197222,	-72.8875,	6),
(51,	'Aracataca',	'47053',	10.5833333,	-74,	19),
(52,	'Aranzazu',	'17050',	5.3,	-75.45,	7),
(53,	'Aratoca',	'68051',	6.8333333,	-72.9666667,	27),
(54,	'Arauca',	'81001',	7.0902778,	-70.7616667,	3),
(55,	'Arauquita',	'81065',	6.8219444,	-71.3236111,	3),
(56,	'Arbeláez',	'25053',	4.3,	-74.5833333,	13),
(57,	'Arboleda (Berruecos)',	'52051',	1.5033333,	-77.0877778,	21),
(58,	'Arboledas',	'54051',	7.6666667,	-72.75,	22),
(59,	'Arboletes',	'05051',	8.5,	-76.4166667,	2),
(60,	'Arcabuco',	'15051',	5.8,	-73.3833333,	6),
(61,	'Arenal',	'13042',	8.4666667,	-73.95,	5),
(62,	'Argelia',	'05055',	5.7341667,	-75.1463889,	2),
(63,	'Argelia',	'19050',	2.2666667,	-77.25,	10),
(64,	'Argelia',	'76054',	4.7,	-76.1333333,	30),
(65,	'Ariguaní (El Difícil)',	'47058',	10.25,	-74,	19),
(66,	'Arjona',	'13052',	10.1666667,	-75.3333333,	5),
(67,	'Armenia',	'05059',	6.1666667,	-75.8333333,	2),
(68,	'Armenia',	'63001',	4.5338889,	-75.6811111,	24),
(69,	'Armero (Guayabal)',	'73055',	5.0833333,	-74.8333333,	29),
(70,	'Arroyohondo',	'13062',	10.2497222,	-75.0113889,	5),
(71,	'Astrea',	'20032',	9.5011111,	-73.9802778,	11),
(72,	'Ataco',	'73067',	3.3333333,	-75.6666667,	29),
(73,	'Atrato (Yuto)',	'27050',	5.5333333,	-76.6333333,	12),
(74,	'Ayapel',	'23068',	8.25,	-75.25,	14),
(75,	'Bagadó',	'27073',	5.5,	-76.25,	12),
(76,	'Bahía Solano (Mútis)',	'27075',	6.2191667,	-77.4077778,	12),
(77,	'Bajo Baudó (Pizarro)',	'27077',	5,	-77.0833333,	12),
(78,	'Balboa',	'19075',	2.1,	-77.2,	10),
(79,	'Balboa',	'66075',	4.9166667,	-75.95,	25),
(80,	'Baranoa',	'08078',	10.8,	-74.9166667,	4),
(81,	'Baraya',	'41078',	3.1666667,	-75,	17),
(82,	'Barbacoas',	'52079',	1.5833333,	-78,	21),
(83,	'Barbosa',	'05079',	6.45,	-75.3333333,	2),
(84,	'Barbosa',	'68077',	6,	-73.55,	27),
(85,	'Barichara',	'68079',	6.75,	-73.1666667,	27),
(86,	'Barranca de Upía',	'50110',	4.5755556,	-72.9611111,	20),
(87,	'Barrancabermeja',	'68081',	7.0652778,	-73.8547222,	27),
(88,	'Barrancas',	'44078',	NULL,	-72.75,	18),
(89,	'Barranco de Loba',	'13074',	8.8333333,	-74.1666667,	5),
(90,	'Barranquilla',	'08001',	10.9638889,	-74.7963889,	4),
(91,	'Becerríl',	'20045',	9.705,	-73.2847222,	11),
(92,	'Belalcázar',	'17088',	5,	-75.8333333,	7),
(93,	'Bello',	'05088',	6.3388889,	-75.5622222,	2),
(94,	'Belmira',	'05086',	6.6666667,	-75.6666667,	2),
(95,	'Beltrán',	'25086',	4.8,	-74.75,	13),
(96,	'Belén',	'15087',	6.0833333,	-72.9166667,	6),
(97,	'Belén',	'52083',	1.5975,	-77.0175,	21),
(98,	'Belén de Bajirá',	'27086',	7.3725,	-76.7147222,	12),
(99,	'Belén de Umbría',	'66088',	5.25,	-75.9166667,	25),
(100,	'Belén de los Andaquíes',	'18094',	1.4166667,	-75.9166667,	8),
(101,	'Berbeo',	'15090',	5.3333333,	-73,	6),
(102,	'Betania',	'05091',	5.75,	-75.9666667,	2),
(103,	'Beteitiva',	'15092',	6,	-72.8333333,	6),
(104,	'Betulia',	'05093',	6.2,	-75.9166667,	2),
(105,	'Betulia',	'68092',	7.0833333,	-73.3333333,	27),
(106,	'Bituima',	'25095',	4.9166667,	-74.55,	13),
(107,	'Boavita',	'15097',	6.4166667,	-72.5833333,	6),
(108,	'Bochalema',	'54099',	7.6666667,	-72.5833333,	22),
(109,	'Bogotá D.C.',	'11001',	4.6,	-74.0833333,	13),
(110,	'Bojacá',	'25099',	4.75,	-74.3333333,	13),
(111,	'Bojayá (Bellavista)',	'27099',	6.5236111,	-76.9744444,	12),
(112,	'Bolívar',	'05101',	5.8333333,	-76,	2),
(113,	'Bolívar',	'19100',	1.8333333,	-76.9166667,	10),
(114,	'Bolívar',	'68101',	6.25,	-74,	27),
(115,	'Bolívar',	'76100',	4.3333333,	-76.3333333,	30),
(116,	'Bosconia',	'20060',	9.9761111,	-73.8902778,	11),
(117,	'Boyacá',	'15104',	5.5,	-72.5,	6),
(118,	'Briceño',	'05107',	7.1122222,	-75.5541667,	2),
(119,	'Briceño',	'15106',	5.75,	-73.8333333,	6),
(120,	'Bucaramanga',	'68001',	7.1297222,	-73.1258333,	27),
(121,	'Bucarasica',	'54109',	8.0833333,	-73,	22),
(122,	'Buenaventura',	'76109',	3.8933333,	-77.0697222,	30),
(123,	'Buenavista',	'15109',	5.5,	-73.9666667,	6),
(124,	'Buenavista',	'23079',	8.7575,	-75.89,	14),
(125,	'Buenavista',	'63111',	4.3622222,	-75.7394444,	24),
(126,	'Buenavista',	'70110',	9.3222222,	-74.9772222,	28),
(127,	'Buenos Aires',	'19110',	2.9166667,	-76.6666667,	10),
(128,	'Buesaco',	'52110',	1.25,	-77.0833333,	21),
(129,	'Guadalajara de Buga',	'76111',	3.9022222,	-76.3027778,	30),
(130,	'Bugalagrande',	'76113',	4.2094444,	-76.1602778,	30),
(131,	'Burítica',	'05113',	6.75,	-75.9166667,	2),
(132,	'Busbanza',	'15114',	5.9166667,	-72.85,	6),
(133,	'Cabrera',	'25120',	3.9780556,	-74.4858333,	13),
(134,	'Cabrera',	'68121',	6.6333333,	-73.2,	27),
(135,	'Cabuyaro',	'50124',	4.2902778,	-72.7905556,	20),
(136,	'Cachipay',	'25123',	5.2666667,	-74.5666667,	13),
(137,	'Caicedo',	'05125',	6.45,	-75.9666667,	2),
(138,	'Caicedonia',	'76122',	4.33365917459535,	-75.8342456817627,	30),
(139,	'Caimito',	'70124',	8.8333333,	-75.1666667,	28),
(140,	'Cajamarca',	'73124',	4.4166667,	-75.5,	29),
(141,	'Cajibío',	'19130',	2.6666667,	-76.6666667,	10),
(142,	'Cajicá',	'25126',	5,	-74.05,	13),
(143,	'Calamar',	'13140',	10.25,	-75,	5),
(144,	'Calamar',	'95015',	1.9597222,	-72.6538889,	16),
(145,	'Calarcá',	'63130',	4.5325,	-75.6436111,	24),
(146,	'Caldas',	'05129',	6.0833333,	-75.6333333,	2),
(147,	'Caldas',	'15131',	5.55,	-73.8833333,	6),
(148,	'Caldono',	'19137',	2.8333333,	-76.4166667,	10),
(149,	'California',	'68132',	7.4166667,	-72.85,	27),
(150,	'Calima el Darién',	'76126',	3.9166667,	-76.6666667,	30),
(151,	'Caloto',	'19142',	3.0833333,	-76.3333333,	10),
(152,	'Santiago de Cali',	'76001',	3.4372222,	-76.5225,	30),
(153,	'Campamento',	'05134',	7.0833333,	-75.25,	2),
(154,	'Campo de la Cruz',	'08137',	10.4166667,	-74.9166667,	4),
(155,	'Campoalegre',	'41132',	2.6666667,	-75.3333333,	17),
(156,	'Campohermoso',	'15135',	5.0833333,	-73,	6),
(157,	'Canalete',	'23090',	8.6761111,	-76.2041667,	14),
(158,	'Candelaria',	'08141',	10.5,	-74.8333333,	4),
(159,	'Candelaria',	'76130',	3.4130556,	-76.3511111,	30),
(160,	'Cantagallo',	'13160',	7.3791667,	-73.9180556,	5),
(161,	'Cantón de San Pablo',	'27135',	5.3388889,	-76.7313889,	12),
(162,	'Caparrapí',	'25148',	5.4166667,	-74.5833333,	13),
(163,	'Capitanejo',	'68147',	6.6,	-72.6333333,	27),
(164,	'Caracolí',	'05142',	6.4119444,	-74.7605556,	2),
(165,	'Caramanta',	'05145',	5.5833333,	-75.5833333,	2),
(166,	'Carcasí',	'68152',	6.8333333,	-72.5,	27),
(167,	'Carepa',	'05147',	7.7663889,	-76.6611111,	2),
(168,	'Carmen de Apicalá',	'73148',	4.15,	-74.7333333,	29),
(169,	'Carmen de Carupa',	'25154',	5.3502778,	-73.9052778,	13),
(170,	'Carmen de Viboral',	'05148',	6.085,	-75.3386111,	2),
(171,	'Carmen del Darién (CURBARADÓ)',	'27150',	7.158,	-76.971,	12),
(172,	'Carolina',	'05150',	6.8,	-75.25,	2),
(173,	'Cartagena',	'13001',	10.3997222,	-75.5144444,	5),
(174,	'Cartagena del Chairá',	'18150',	1.35,	-74.84,	8),
(175,	'Cartago',	'76147',	4.7463889,	-75.9116667,	30),
(176,	'Carurú',	'97161',	0.9166667,	-70.7333333,	31),
(177,	'Casabianca',	'73152',	5.0833333,	-75.1666667,	29),
(178,	'Castilla la Nueva',	'50150',	3.8,	-73.5833333,	20),
(179,	'Caucasia',	'05154',	7.9166667,	-75,	2),
(180,	'Cañasgordas',	'05138',	6.75,	-76,	2),
(181,	'Cepita',	'68160',	6.8333333,	-72.9166667,	27),
(182,	'Cereté',	'23162',	8.9166667,	-76,	14),
(183,	'Cerinza',	'15162',	6,	-72.9166667,	6),
(184,	'Cerrito',	'68162',	7,	-72.5833333,	27),
(185,	'Cerro San Antonio',	'47161',	10.25,	-74.8333333,	19),
(186,	'Chachaguí',	'52240',	1.35943053925138,	-77.2836685180664,	21),
(187,	'Chaguaní',	'25168',	5,	-74.65,	13),
(188,	'Chalán',	'70230',	9.5491667,	-75.3161111,	28),
(189,	'Chaparral',	'73168',	3.75,	-75.5833333,	29),
(190,	'Charalá',	'68167',	6.25,	-73.0833333,	27),
(191,	'Charta',	'68169',	7.3,	-72.9666667,	27),
(192,	'Chigorodó',	'05172',	7.6666667,	-76.6666667,	2),
(193,	'Chima',	'68176',	6.4166667,	-73.3333333,	27),
(194,	'Chimichagua',	'20175',	9.2577778,	-73.8177778,	11),
(195,	'Chimá',	'23168',	9.0833333,	-75.6333333,	14),
(196,	'Chinavita',	'15172',	5.25,	-73.3333333,	6),
(197,	'Chinchiná',	'17174',	5,	-75.6666667,	7),
(198,	'Chinácota',	'54172',	7.75,	-72.55,	22),
(199,	'Chinú',	'23182',	9.0833333,	-75.3333333,	14),
(200,	'Chipaque',	'25178',	4.5,	-74.0833333,	13),
(201,	'Chipatá',	'68179',	6.1333333,	-73.55,	27),
(202,	'Chiquinquirá',	'15176',	5.6333333,	-73.75,	6),
(203,	'Chiriguaná',	'20178',	9.5,	-73.4166667,	11),
(204,	'Chiscas',	'15180',	6.75,	-72.3333333,	6),
(205,	'Chita',	'15183',	6.1666667,	-72.4166667,	6),
(206,	'Chitagá',	'54174',	7.1666667,	-72.5833333,	22),
(207,	'Chitaraque',	'15185',	6.0833333,	-73.3666667,	6),
(208,	'Chivatá',	'15187',	5.5333333,	-73.2666667,	6),
(209,	'Chivolo',	'47170',	10.0280556,	-74.6436111,	19),
(210,	'Choachí',	'25181',	4.5833333,	-73.9166667,	13),
(211,	'Chocontá',	'25183',	5.1666667,	-73.6666667,	13),
(212,	'Chámeza',	'85015',	5,	-72.75,	9),
(213,	'Chía',	'25175',	4.9166667,	-74.05,	13),
(214,	'Chíquiza',	'15232',	5.6083333,	-73.4886111,	6),
(215,	'Chívor',	'15236',	4.8855556,	-73.3688889,	6),
(216,	'Cicuco',	'13188',	9.4166667,	-74.7333333,	5),
(217,	'Cimitarra',	'68190',	6.3161111,	-73.9505556,	27),
(218,	'Circasia',	'63190',	4.6166667,	-75.6333333,	24),
(219,	'Cisneros',	'05190',	6.5833333,	-75.0833333,	2),
(220,	'Ciénaga',	'15189',	5.4666667,	-73.25,	6),
(221,	'Ciénaga',	'47189',	10.8333333,	-74.0833333,	19),
(222,	'Ciénaga de Oro',	'23189',	8.8333333,	-75.6666667,	14),
(223,	'Clemencia',	'13222',	10.5891667,	-75.3341667,	5),
(224,	'Cocorná',	'05197',	6,	-75,	2),
(225,	'Coello',	'73200',	4.3333333,	-74.9166667,	29),
(226,	'Cogua',	'25200',	5.15,	-73.9666667,	13),
(227,	'Colombia',	'41206',	2.5,	-75.75,	17),
(228,	'Colosó (Ricaurte)',	'70204',	9.4966667,	-75.3555556,	28),
(229,	'Colón',	'86219',	1.1936111,	-76.9769444,	23),
(230,	'Colón (Génova)',	'52203',	1.5833333,	-77,	21),
(231,	'Concepción',	'05206',	6.4166667,	-75.25,	2),
(232,	'Concepción',	'68207',	6.9166667,	-72.5,	27),
(233,	'Concordia',	'05209',	6.0833333,	-75.9166667,	2),
(234,	'Concordia',	'47205',	9.8402778,	-74.4447222,	19),
(235,	'Condoto',	'27205',	5.1666667,	-76.5,	12),
(236,	'Confines',	'68209',	6.4166667,	-73.1666667,	27),
(237,	'Consaca',	'52207',	1.20840649727186,	-77.4632263183594,	21),
(238,	'Contadero',	'52210',	0.9166667,	-77.5333333,	21),
(239,	'Contratación',	'68211',	6.3333333,	-73.4166667,	27),
(240,	'Convención',	'54206',	8.8333333,	-73.2,	22),
(241,	'Copacabana',	'05212',	6.3333333,	-75.5,	2),
(242,	'Coper',	'15212',	5.4333333,	-74.0333333,	6),
(243,	'Cordobá',	'63212',	4.3905556,	-75.6888889,	24),
(244,	'Corinto',	'19212',	3.1666667,	-76.2,	10),
(245,	'Coromoro',	'68217',	6.3333333,	-73,	27),
(246,	'Corozal',	'70215',	9.3333333,	-75.25,	28),
(247,	'Corrales',	'15215',	5.8666667,	-72.8333333,	6),
(248,	'Cota',	'25214',	4.8333333,	-74.1333333,	13),
(249,	'Cotorra',	'23300',	9.05,	-75.8,	14),
(250,	'Covarachía',	'15218',	6.5833333,	-72.7,	6),
(251,	'Coveñas',	'70221',	9.4166667,	-75.7,	28),
(252,	'Coyaima',	'73217',	3.8333333,	-75.0833333,	29),
(253,	'Cravo Norte',	'81220',	6.3030556,	-70.2016667,	3),
(254,	'Cuaspud (Carlosama)',	'52224',	0.8658333,	-77.7294444,	21),
(255,	'Cubarral',	'50223',	3.7713889,	-73.8377778,	20),
(256,	'Cubará',	'15223',	7.0411111,	-72.0608333,	6),
(257,	'Cucaita',	'15224',	5.5333333,	-73.4666667,	6),
(258,	'Cucunubá',	'25224',	5.25,	-73.75,	13),
(259,	'Cucutilla',	'54223',	7.5,	-72.75,	22),
(260,	'Cuitiva',	'15226',	5.65,	-72.9166667,	6),
(261,	'Cumaral',	'50226',	4.25,	-73.3333333,	20),
(262,	'Cumaribo',	'99773',	4.4444444,	-69.8002778,	32),
(263,	'Cumbal',	'52227',	0.9166667,	-77.9166667,	21),
(264,	'Cumbitara',	'52233',	1.6533333,	-77.5833333,	21),
(265,	'Cunday',	'73226',	4.0833333,	-74.6666667,	29),
(266,	'Curillo',	'18205',	1.0352778,	-75.9247222,	8),
(267,	'Curití',	'68229',	6.6666667,	-73,	27),
(268,	'Curumaní',	'20228',	9.2041667,	-73.5486111,	11),
(269,	'Cáceres',	'05120',	7.6666667,	-75.3333333,	2),
(270,	'Cáchira',	'54128',	7.75,	-73.1666667,	22),
(271,	'Cácota',	'54125',	7.25,	-72.5833333,	22),
(272,	'Cáqueza',	'25151',	4.45,	-73.95,	13),
(273,	'Cértegui',	'27160',	5.4,	-76.6,	12),
(274,	'Cómbita',	'15204',	5.75,	-73.25,	6),
(275,	'Córdoba',	'13212',	9.5,	-74.9166667,	5),
(276,	'Córdoba',	'52215',	0.7833333,	-77.3333333,	21),
(277,	'Cúcuta',	'54001',	7.8833333,	-72.5052778,	22),
(278,	'Dabeiba',	'05234',	7,	-76.25,	2),
(279,	'Dagua',	'76233',	3.6602778,	-76.6927778,	30),
(280,	'Dibulla',	'44090',	11.2722222,	-73.3055556,	18),
(281,	'Distracción',	'44098',	10.8977778,	-72.8869444,	18),
(282,	'Dolores',	'73236',	3.6666667,	-74.75,	29),
(283,	'Don Matías',	'05237',	6.5,	-75.3333333,	2),
(284,	'Dos Quebradas',	'66170',	4.8347222,	-75.6725,	25),
(285,	'Duitama',	'15238',	5.8269444,	-73.0202778,	6),
(286,	'Durania',	'54239',	7.75,	-72.6333333,	22),
(287,	'Ebéjico',	'05240',	6.3333333,	-75.75,	2),
(288,	'El Bagre',	'05250',	7.5941667,	-74.8119444,	2),
(289,	'El Banco',	'47245',	9.0455556,	-73.9747222,	19),
(290,	'El Cairo',	'76246',	4.75,	-76.25,	30),
(291,	'El Calvario',	'50245',	4.4166667,	-73.6666667,	20),
(292,	'El Carmen',	'54245',	8.75,	-73.3333333,	22),
(293,	'El Carmen',	'68235',	6.698,	-73.511,	27),
(294,	'El Carmen de Atrato',	'27245',	NULL,	NULL,	12),
(295,	'El Carmen de Bolívar',	'13244',	9.75,	-75.1666667,	5),
(296,	'El Castillo',	'50251',	3.5680556,	-73.7838889,	20),
(297,	'El Cerrito',	'76248',	3.6666667,	-76.1666667,	30),
(298,	'El Charco',	'52250',	2.3333333,	-78.35,	21),
(299,	'El Cocuy',	'15244',	6.4166667,	-72.4166667,	6),
(300,	'El Colegio',	'25245',	4.5833333,	-74.45,	13),
(301,	'El Copey',	'20238',	10.1505556,	-73.965,	11),
(302,	'El Doncello',	'18247',	1.6794444,	-75.2791667,	8),
(303,	'El Dorado',	'50270',	2.7791667,	-72.8719444,	20),
(304,	'El Dovio',	'76250',	4.5,	-76.25,	30),
(305,	'El Espino',	'15248',	6.5833333,	-72.4166667,	6),
(306,	'El Guacamayo',	'68245',	6.3333333,	-73.4666667,	27),
(307,	'El Guamo',	'13248',	10.0833333,	-74.9166667,	5),
(308,	'El Molino',	'44110',	10.6533333,	-72.9241667,	18),
(309,	'El Paso',	'20250',	9.6622222,	-73.7519444,	11),
(310,	'El Paujil',	'18256',	1.564,	-75.332,	8),
(311,	'El Peñol',	'52254',	1.4333333,	-77.4333333,	21),
(312,	'El Peñon',	'13268',	8.9833333,	-73.95,	5),
(313,	'El Peñon',	'68250',	6.55,	-72.8333333,	27),
(314,	'El Peñón',	'25258',	5.3333333,	-74.3333333,	13),
(315,	'El Piñon',	'47258',	10.3333333,	-74.6666667,	19),
(316,	'El Playón',	'68255',	7.4766667,	-73.2080556,	27),
(317,	'El Retorno',	'95025',	2.3305556,	-72.6277778,	16),
(318,	'El Retén',	'47268',	10.6166667,	-74.2666667,	19),
(319,	'El Roble',	'70233',	9.1,	-75.2,	28),
(320,	'El Rosal',	'25260',	4.85,	-74.2666667,	13),
(321,	'El Rosario',	'52256',	1.8333333,	-77.3333333,	21),
(322,	'El Tablón de Gómez',	'52258',	NULL,	NULL,	21),
(323,	'El Tambo',	'19256',	2.5,	-77,	10),
(324,	'El Tambo',	'52260',	1.4,	-77.3333333,	21),
(325,	'El Tarra',	'54250',	8.5847222,	-73.0883333,	22),
(326,	'El Zulia',	'54261',	7.9355556,	-72.605,	22),
(327,	'El Águila',	'76243',	4.9166667,	-76.0833333,	30),
(328,	'Elías',	'41244',	2.0833333,	-76,	17),
(329,	'Encino',	'68264',	6.1666667,	-73,	27),
(330,	'Enciso',	'68266',	6.75,	-72.6333333,	27),
(331,	'Entrerríos',	'05264',	6.5833333,	-75.5833333,	2),
(332,	'Envigado',	'05266',	6.1730556,	-75.5638889,	2),
(333,	'Espinal',	'73268',	4.2,	-74.8333333,	29),
(334,	'Facatativá',	'25269',	4.8166667,	-74.3666667,	13),
(335,	'Falan',	'73270',	5.1333333,	-75,	29),
(336,	'Filadelfia',	'17272',	5.3,	-75.6,	7),
(337,	'Filandia',	'63272',	4.6666667,	-75.6333333,	24),
(338,	'Firavitoba',	'15272',	5.75,	-72.9666667,	6),
(339,	'Flandes',	'73275',	4.25,	-74.8333333,	29),
(340,	'Florencia',	'18001',	1.6175,	-75.6175,	8),
(341,	'Florencia',	'19290',	1.6944444,	-77.0758333,	10),
(342,	'Floresta',	'15276',	5.9166667,	-72.9166667,	6),
(343,	'Florida',	'76275',	3.3275,	-76.2386111,	30),
(344,	'Floridablanca',	'68276',	7.0647222,	-73.0897222,	27),
(345,	'Florián',	'68271',	5.8047222,	-73.9741667,	27),
(346,	'Fonseca',	'44279',	10.8333333,	-72.8333333,	18),
(347,	'Fortúl',	'81300',	6.7461111,	-71.8566667,	3),
(348,	'Fosca',	'25281',	4.3333333,	-73.9166667,	13),
(349,	'Francisco Pizarro',	'52520',	2.1019444,	-78.7216667,	21),
(350,	'Fredonia',	'05282',	5.9166667,	-75.6666667,	2),
(351,	'Fresno',	'73283',	5.1666667,	-75.0833333,	29),
(352,	'Frontino',	'05284',	6.6666667,	-76.3333333,	2),
(353,	'Fuente de Oro',	'50287',	3.4594444,	-73.6127778,	20),
(354,	'Fundación',	'47288',	10.4166667,	-73.9166667,	19),
(355,	'Funes',	'52287',	0.95,	-77.3333333,	21),
(356,	'Funza',	'25286',	4.7833333,	-74.2,	13),
(357,	'Fusagasugá',	'25290',	4.4166667,	-74.4,	13),
(358,	'Fómeque',	'25279',	4.5833333,	-73.8333333,	13),
(359,	'Fúquene',	'25288',	5.4166667,	-73.8,	13),
(360,	'Gachalá',	'25293',	4.6666667,	-73.5,	13),
(361,	'Gachancipá',	'25295',	5.0833333,	-73.8833333,	13),
(362,	'Gachantivá',	'15293',	5.75,	-73.5,	6),
(363,	'Gachetá',	'25297',	4.9166667,	-73.6666667,	13),
(364,	'Galapa',	'08296',	10.9166667,	-74.8333333,	4),
(365,	'Galeras (Nueva Granada)',	'70235',	9.1630556,	-75.0525,	28),
(366,	'Galán',	'68296',	6.7,	-73.3,	27),
(367,	'Gama',	'25299',	4.75,	-73.6,	13),
(368,	'Gamarra',	'20295',	8.3333333,	-73.6666667,	11),
(369,	'Garagoa',	'15299',	5.1333333,	-73.3,	6),
(370,	'Garzón',	'41298',	2.25,	-75.5833333,	17),
(371,	'Gigante',	'41306',	2.5,	-75.5,	17),
(372,	'Ginebra',	'76306',	3.75,	-76.1666667,	30),
(373,	'Giraldo',	'05306',	6.6666667,	-75.9166667,	2),
(374,	'Girardot',	'25307',	4.3030556,	-74.8008333,	13),
(375,	'Girardota',	'05308',	6.4166667,	-75.45,	2),
(376,	'Girón',	'68306',	7.0708333,	-73.1730556,	27),
(377,	'Gonzalez',	'20310',	8.4,	-73.3333333,	11),
(378,	'Gramalote',	'54313',	7.9166667,	-72.75,	22),
(379,	'Granada',	'05313',	6.1666667,	-75.1333333,	2),
(380,	'Granada',	'25312',	5.0666667,	-74.5666667,	13),
(381,	'Granada',	'50313',	3.5386111,	-73.7005556,	20),
(382,	'Guaca',	'68318',	7,	-72.7666667,	27),
(383,	'Guacamayas',	'15317',	6.5,	-72.5,	6),
(384,	'San Juan Bautista de Guacarí',	'76318',	3.7694444,	-76.3380556,	30),
(385,	'Guachavés',	'52699',	1.2247222,	-77.68,	21),
(386,	'Guachené',	'19300',	3.1333333,	-76.3833333,	10),
(387,	'Guachetá',	'25317',	5.4166667,	-73.7,	13),
(388,	'Guachucal',	'52317',	1,	-77.75,	21),
(389,	'Guadalupe',	'05315',	6.8175,	-75.2441667,	2),
(390,	'Guadalupe',	'41319',	2.0833333,	-75.6666667,	17),
(391,	'Guadalupe',	'68320',	6.3,	-73.3333333,	27),
(392,	'Guaduas',	'25320',	5.25,	-74.6666667,	13),
(393,	'Guaitarilla',	'52320',	1.15,	-77.5,	21),
(394,	'Gualmatán',	'52323',	0.8333333,	-77.5833333,	21),
(395,	'Guamal',	'47318',	9.25,	-74.1666667,	19),
(396,	'Guamal',	'50318',	3.9166667,	-74,	20),
(397,	'Guamo',	'73319',	4.0833333,	-74.9166667,	29),
(398,	'Guapota',	'68322',	6.3833333,	-73.25,	27),
(399,	'Guapí',	'19318',	2.4166667,	-77.6,	10),
(400,	'Guaranda',	'70265',	8.4697222,	-75.5383333,	28),
(401,	'Guarne',	'05318',	6.25,	-75.4166667,	2),
(402,	'Guasca',	'25322',	4.8333333,	-73.8333333,	13),
(403,	'Guatapé',	'05321',	6.25,	-75.1666667,	2),
(404,	'Guataquí',	'25324',	4.5833333,	-74.8,	13),
(405,	'Guatavita',	'25326',	4.9666667,	-73.75,	13),
(406,	'Guateque',	'15322',	5.0833333,	-73.5,	6),
(407,	'Guavatá',	'68324',	6,	-73.65,	27),
(408,	'Guayabal de Siquima',	'25328',	4.8813889,	-74.4702778,	13),
(409,	'Guayabetal',	'25335',	4.2163889,	-73.8133333,	13),
(410,	'Guayatá',	'15325',	5,	-73.5,	6),
(411,	'Guepsa',	'68327',	6.0833333,	-73.5,	27),
(412,	'Guicán',	'15332',	6.75,	-72.1666667,	6),
(413,	'Gutiérrez',	'25339',	4.25,	-74,	13),
(414,	'Guática',	'66318',	5.3333333,	-75.8333333,	25),
(415,	'Gámbita',	'68298',	6,	-73.25,	27),
(416,	'Gámeza',	'15296',	5.85,	-72.75,	6),
(417,	'Génova',	'63302',	4.25,	-75.6666667,	24),
(418,	'Gómez Plata',	'05310',	6.75,	-75.8333333,	2),
(419,	'Hacarí',	'54344',	8.5,	-73.0833333,	22),
(420,	'Hatillo de Loba',	'13300',	8.9586111,	-74.0808333,	5),
(421,	'Hato',	'68344',	6.5833333,	-73.3333333,	27),
(422,	'Hato Corozal',	'85125',	6.1555556,	-71.7655556,	9),
(423,	'Hatonuevo',	'44378',	11.0694444,	-72.7669444,	18),
(424,	'Heliconia',	'05347',	6.2333333,	-75.75,	2),
(425,	'Herrán',	'54347',	7.5,	-72.4666667,	22),
(426,	'Herveo',	'73347',	5.0833333,	-75.1666667,	29),
(427,	'Hispania',	'05353',	5.8025,	-75.9116667,	2),
(428,	'Hobo',	'41349',	2.5833333,	-75.5,	17),
(429,	'Honda',	'73349',	5.25,	-74.8333333,	29),
(430,	'Ibagué',	'73001',	4.4388889,	-75.2322222,	29),
(431,	'Icononzo',	'73352',	4.1666667,	-74.55,	29),
(432,	'Iles',	'52352',	0.95,	-77.5333333,	21),
(433,	'Imúes',	'52354',	1.05,	-77.5,	21),
(434,	'Inzá',	'19355',	2.6666667,	-76.0833333,	10),
(435,	'Inírida',	'94001',	3.8652778,	-67.9238889,	15),
(436,	'Ipiales',	'52356',	0.8302778,	-77.6444444,	21),
(437,	'Isnos',	'41359',	2.0833333,	-76.25,	17),
(438,	'Istmina',	'27361',	5.1588889,	-76.6916667,	12),
(439,	'Itagüí',	'05360',	6.1719444,	-75.6113889,	2),
(440,	'Ituango',	'05361',	7.25,	-76,	2),
(441,	'Izá',	'15362',	5.6666667,	-72.9166667,	6),
(442,	'Jambaló',	'19364',	2.85,	-76.3166667,	10),
(443,	'Jamundí',	'76364',	3.1666667,	-76.5833333,	30),
(444,	'Jardín',	'05364',	5.5833333,	-75.8333333,	2),
(445,	'Jenesano',	'15367',	5.3888889,	-73.3680556,	6),
(446,	'Jericó',	'05368',	5.75,	-75.75,	2),
(447,	'Jericó',	'15368',	6.2,	-72.5833333,	6),
(448,	'Jerusalén',	'25368',	4.6666667,	-74.6666667,	13),
(449,	'Jesús María',	'68368',	5.9166667,	-73.8333333,	27),
(450,	'Jordán',	'68370',	6.75,	-73.0666667,	27),
(451,	'Juan de Acosta',	'08132',	10.8333333,	-75.0333333,	4),
(452,	'Junín',	'25372',	4.75,	-73.6666667,	13),
(453,	'Juradó',	'27372',	7,	-77.6666667,	12),
(454,	'La Apartada y La Frontera',	'23350',	NULL,	NULL,	14),
(455,	'La Argentina',	'41378',	2.25,	-76.1666667,	17),
(456,	'La Belleza',	'68377',	5.8613889,	-73.9683333,	27),
(457,	'La Calera',	'25377',	4.75,	-73.9166667,	13),
(458,	'La Capilla',	'15380',	5.15,	-73.45,	6),
(459,	'La Ceja',	'05376',	6,	-75.4166667,	2),
(460,	'La Celia',	'66383',	4.9666667,	-76,	25),
(461,	'La Cruz',	'52378',	1.55,	-76.8833333,	21),
(462,	'La Cumbre',	'76677',	3.6666667,	-76.5833333,	30),
(463,	'La Dorada',	'17380',	5.5333333,	-74.7,	7),
(464,	'La Esperanza',	'54385',	8.1666667,	-72.4666667,	22),
(465,	'La Estrella',	'05380',	6.1666667,	-75.6666667,	2),
(466,	'La Florida',	'52381',	1.25,	-77.4166667,	21),
(467,	'La Gloria',	'20383',	8.5833333,	-73.5833333,	11),
(468,	'La Jagua de Ibirico',	'20400',	9.5641667,	-73.3375,	11),
(469,	'La Jagua del Pilar',	'44420',	10.5166667,	-73.0833333,	18),
(470,	'La Llanada',	'52385',	1.4777778,	-77.5838889,	21),
(471,	'La Macarena',	'50350',	2.8536111,	-73.9436111,	20),
(472,	'La Merced',	'17388',	5.4019444,	-75.8847222,	7),
(473,	'La Mesa',	'25386',	4.6666667,	-74.5,	13),
(474,	'La Montañita',	'18410',	1.5833333,	-75.25,	8),
(475,	'La Palma',	'25394',	5.4166667,	-74.4166667,	13),
(476,	'La Paz',	'68397',	6.25,	-73.4666667,	27),
(477,	'La Paz (Robles)',	'20621',	10.1666667,	-73.25,	11),
(478,	'La Peña',	'25398',	5.25,	-74.4166667,	13),
(479,	'La Pintada',	'05390',	5.75,	-75.6,	2),
(480,	'La Plata',	'41396',	2.4166667,	-76.1666667,	17),
(481,	'La Playa',	'54398',	8.25,	-73.1666667,	22),
(482,	'La Primavera',	'99524',	5.4905556,	-70.4091667,	32),
(483,	'La Salina',	'85136',	6.1852778,	-72.3444444,	9),
(484,	'La Sierra',	'19392',	2.25,	-76.8333333,	10),
(485,	'La Tebaida',	'63401',	4.45,	-75.8,	24),
(486,	'La Tola',	'52390',	2.4108333,	-78.2427778,	21),
(487,	'La Unión',	'05400',	5.9166667,	-75.3333333,	2),
(488,	'La Unión',	'52399',	1.5833333,	-77.0833333,	21),
(489,	'La Unión',	'70400',	8.8605556,	-75.2805556,	28),
(490,	'La Unión',	'76400',	4.5358333,	-76.1066667,	30),
(491,	'La Uvita',	'15403',	6.3333333,	-72.5,	6),
(492,	'La Vega',	'19397',	2.0833333,	-76.8333333,	10),
(493,	'La Vega',	'25402',	5,	-74.35,	13),
(494,	'La Victoria',	'15401',	5.5258333,	-74.2361111,	6),
(495,	'La Victoria',	'17867',	4.5238889,	-76.0411111,	7),
(496,	'La Victoria',	'76403',	4.5238889,	-76.0411111,	30),
(497,	'La Virginia',	'66400',	4.9166667,	-75.8333333,	25),
(498,	'Labateca',	'54377',	7.3333333,	-72.5,	22),
(499,	'Labranzagrande',	'15377',	5.5833333,	-72.5833333,	6),
(500,	'Landázuri',	'68385',	6.2238889,	-73.8127778,	27),
(501,	'Lebrija',	'68406',	7.4166667,	-73.4166667,	27),
(502,	'Leiva',	'52405',	1.9375,	-77.3080556,	21),
(503,	'Lejanías',	'50400',	3.5136111,	-74.0516667,	20),
(504,	'Lenguazaque',	'25407',	5.3333333,	-73.6666667,	13),
(505,	'Leticia',	'91001',	-4.2152778,	-69.9405556,	1),
(506,	'Liborina',	'05411',	6.75,	-75.75,	2),
(507,	'Linares',	'52411',	1.3833333,	-77.45,	21),
(508,	'Lloró',	'27413',	5.5833333,	-76.4166667,	12),
(509,	'Lorica',	'23417',	9.1666667,	-75.8333333,	14),
(510,	'Los Córdobas',	'23419',	8.9,	-76.3597222,	14),
(511,	'Los Palmitos',	'70418',	9.3811111,	-75.2713889,	28),
(512,	'Los Patios',	'54405',	7.8383333,	-72.5133333,	22),
(513,	'Los Santos',	'68418',	6.9166667,	-73.0833333,	27),
(514,	'Lourdes',	'54418',	7.9666667,	-72.8333333,	22),
(515,	'Luruaco',	'08421',	10.6141667,	-75.1461111,	4),
(516,	'Lérida',	'73408',	4.9166667,	-74.9166667,	29),
(517,	'Líbano',	'73411',	4.9166667,	-75.1666667,	29),
(518,	'López (Micay)',	'19418',	2.4333333,	-76.8,	10),
(519,	'Macanal',	'15425',	4.9166667,	-73.25,	6),
(520,	'Macaravita',	'68425',	6.5833333,	-72.5333333,	27),
(521,	'Maceo',	'05425',	6.5,	-74.75,	2),
(522,	'Machetá',	'25426',	5.0833333,	-73.6166667,	13),
(523,	'Madrid',	'25430',	4.8333333,	-74.3,	13),
(524,	'Magangué',	'13430',	9.2413889,	-74.7533333,	5),
(525,	'Magüi (Payán)',	'52427',	1.9166667,	-77.8333333,	21),
(526,	'Mahates',	'13433',	10.1666667,	-75.1666667,	5),
(527,	'Maicao',	'44430',	11.3841667,	-72.2441667,	18),
(528,	'Majagual',	'70429',	8.5,	-74.6666667,	28),
(529,	'Malambo',	'08433',	10.8588889,	-74.7730556,	4),
(530,	'Mallama (Piedrancha)',	'52435',	1.0833333,	-77.8166667,	21),
(531,	'Manatí',	'08436',	10.5,	-75,	4),
(532,	'Manaure',	'44560',	11.7791667,	-72.4494444,	18),
(533,	'Manaure Balcón del Cesar',	'20443',	10.3927778,	-73.0325,	11),
(534,	'Manizales',	'17001',	5.07,	-75.5205556,	7),
(535,	'Manta',	'25436',	5.0833333,	-73.5833333,	13),
(536,	'Manzanares',	'17433',	5.25,	-75.1666667,	7),
(537,	'Maní',	'85139',	4.8333333,	-72.3333333,	9),
(538,	'Mapiripan',	'50325',	2.8911111,	-72.1322222,	20),
(539,	'Margarita',	'13440',	9.0833333,	-74.2,	5),
(540,	'Marinilla',	'05440',	6.2,	-75.3,	2),
(541,	'Maripí',	'15442',	5.5833333,	-74,	6),
(542,	'Mariquita',	'73443',	5.25,	-74.9166667,	29),
(543,	'Marmato',	'17442',	5.5,	-75.5833333,	7),
(544,	'Marquetalia',	'17444',	5.3333333,	-75,	7),
(545,	'Marsella',	'66440',	4.9166667,	-75.75,	25),
(546,	'Marulanda',	'17446',	5.3333333,	-75.25,	7),
(547,	'María la Baja',	'13442',	NULL,	-75.3333333,	5),
(548,	'Matanza',	'68444',	7.4166667,	-73.0833333,	27),
(549,	'Medellín',	'05001',	6.2913889,	-75.5361111,	2),
(550,	'Medina',	'25438',	4.5,	-73.3333333,	13),
(551,	'Medio Atrato',	'27425',	NULL,	NULL,	12),
(552,	'Medio Baudó',	'27430',	NULL,	NULL,	12),
(553,	'Medio San Juan (ANDAGOYA)',	'27450',	5.1,	-76.683,	12),
(554,	'Melgar',	'73449',	4.25,	-74.5833333,	29),
(555,	'Mercaderes',	'19450',	1.75,	-77.1666667,	10),
(556,	'Mesetas',	'50330',	3.3780556,	-74.0447222,	20),
(557,	'Milán',	'18460',	1.3483333,	-75.5116667,	8),
(558,	'Miraflores',	'15455',	5.25,	-73.1666667,	6),
(559,	'Miraflores',	'95200',	1.3366667,	-71.9511111,	16),
(560,	'Miranda',	'19455',	3.25,	-76.25,	10),
(561,	'Mistrató',	'66456',	5.4166667,	-76,	25),
(562,	'Mitú',	'97001',	1.1983333,	-70.1733333,	31),
(563,	'Mocoa',	'86001',	1.1488889,	-76.6477778,	23),
(564,	'Mogotes',	'68464',	6.5833333,	-72.9166667,	27),
(565,	'Molagavita',	'68468',	6.75,	-72.75,	27),
(566,	'Momil',	'23464',	9.2372222,	-75.6780556,	14),
(567,	'Mompós',	'13468',	9.25,	-74.5833333,	5),
(568,	'Mongua',	'15464',	5.8333333,	-72.6666667,	6),
(569,	'Monguí',	'15466',	5.75,	-72.8333333,	6),
(570,	'Moniquirá',	'15469',	5.9166667,	-73.5,	6),
(571,	'Montebello',	'05467',	5.9166667,	-75.5,	2),
(572,	'Montecristo',	'13458',	8.2994444,	-74.4755556,	5),
(573,	'Montelíbano',	'23466',	7.75,	-75.6666667,	14),
(574,	'Montenegro',	'63470',	4.5,	-75.8,	24),
(575,	'Monteria',	'23001',	8.7575,	-75.89,	14),
(576,	'Monterrey',	'85162',	4.9166667,	-72.8333333,	9),
(577,	'Morales',	'13473',	8.4166667,	-74,	5),
(578,	'Morales',	'19473',	2.8,	-76.6666667,	10),
(579,	'Morelia',	'18479',	1.4875,	-75.725,	8),
(580,	'Morroa',	'70473',	9.4166667,	-75.3333333,	28),
(581,	'Mosquera',	'25473',	4.75,	-74.3333333,	13),
(582,	'Mosquera',	'52473',	2.35,	-78.35,	21),
(583,	'Motavita',	'15476',	5.5797222,	-73.3713889,	6),
(584,	'Moñitos',	'23500',	8.25,	-76.05,	14),
(585,	'Murillo',	'73461',	4.8769444,	-75.1738889,	29),
(586,	'Murindó',	'05475',	6.8,	-76.8,	2),
(587,	'Mutatá',	'05480',	7.3333333,	-76.5,	2),
(588,	'Mutiscua',	'54480',	7.3333333,	-72.7166667,	22),
(589,	'Muzo',	'15480',	5.5166667,	-74.1166667,	6),
(590,	'Málaga',	'68432',	6.7833333,	-72.6666667,	27),
(591,	'Nariño',	'05483',	5.6,	-75.1666667,	2),
(592,	'Nariño',	'25483',	4.45,	-74.8,	13),
(593,	'Nariño',	'52480',	1.5,	-78,	21),
(594,	'Natagaima',	'73483',	3.5833333,	-75.0833333,	29),
(595,	'Nechí',	'05495',	8.0963889,	-74.7758333,	2),
(596,	'Necoclí',	'05490',	8.4238889,	-76.7911111,	2),
(597,	'Neira',	'17486',	5.1666667,	-75.5,	7),
(598,	'Neiva',	'41001',	2.9305556,	-75.3302778,	17),
(599,	'Nemocón',	'25486',	5.1333333,	-73.9,	13),
(600,	'Nilo',	'25488',	4.3333333,	-74.5833333,	13),
(601,	'Nimaima',	'25489',	5.2,	-74.4166667,	13),
(602,	'Nobsa',	'15491',	5.8333333,	-72.9166667,	6),
(603,	'Nocaima',	'25491',	5.1166667,	-74.4166667,	13),
(604,	'Norcasia',	'17495',	5.5666667,	-74.8833333,	7),
(605,	'Norosí',	'13490',	8.5333333,	-74.0333333,	5),
(606,	'Novita',	'27491',	4.9166667,	-76.5833333,	12),
(607,	'Nueva Granada',	'47460',	9.8030556,	-74.3902778,	19),
(608,	'Nuevo Colón',	'15494',	5.4166667,	-73.4166667,	6),
(609,	'Nunchía',	'85225',	5.6405556,	-72.1986111,	9),
(610,	'Nuquí',	'27495',	6,	-77.3333333,	12),
(611,	'Nátaga',	'41483',	2.65,	-75.8,	17),
(612,	'Obando',	'76497',	4.5833333,	-75.9166667,	30),
(613,	'Ocamonte',	'68498',	6.4166667,	-73.0833333,	27),
(614,	'Ocaña',	'54498',	8.25,	-73.3,	22),
(615,	'Oiba',	'68500',	6.3,	-73.25,	27),
(616,	'Oicatá',	'15500',	5.6,	-73.3166667,	6),
(617,	'Olaya',	'05501',	6.6666667,	-75.75,	2),
(618,	'Olaya Herrera',	'52490',	1.2666667,	-77.4833333,	21),
(619,	'Onzaga',	'68502',	6.3333333,	-72.75,	27),
(620,	'Oporapa',	'41503',	2.0833333,	-76.0166667,	17),
(621,	'Orito',	'86320',	0.6966667,	-76.8747222,	23),
(622,	'Orocué',	'85230',	4.7941667,	-71.34,	9),
(623,	'Ortega',	'73504',	3.9166667,	-75.25,	29),
(624,	'Ospina',	'52506',	1.0333333,	-77.55,	21),
(625,	'Otanche',	'15507',	5.75,	-74.25,	6),
(626,	'Ovejas',	'70508',	9.5,	-75.1666667,	28),
(627,	'Pachavita',	'15511',	5.1333333,	-73.4,	6),
(628,	'Pacho',	'25513',	5.25,	-74.1666667,	13),
(629,	'Padilla',	'19513',	3.0666667,	-76.3166667,	10),
(630,	'Paicol',	'41518',	2.45,	-75.75,	17),
(631,	'Pailitas',	'20517',	8.9661111,	-73.6316667,	11),
(632,	'Paime',	'25518',	5.4166667,	-74.1666667,	13),
(633,	'Paipa',	'15516',	5.8333333,	-73.1,	6),
(634,	'Pajarito',	'15518',	5.4166667,	-72.6666667,	6),
(635,	'Palermo',	'41524',	3,	-75.5,	17),
(636,	'Palestina',	'17524',	5.0833333,	-75.6666667,	7),
(637,	'Palestina',	'41530',	1.75,	-76.0666667,	17),
(638,	'Palmar',	'68522',	6.5833333,	-73.25,	27),
(639,	'Palmar de Varela',	'08520',	10.7466667,	-74.7555556,	4),
(640,	'Palmas del Socorro',	'68524',	6.45,	-73.25,	27),
(641,	'Palmira',	'76520',	3.5394444,	-76.3036111,	30),
(642,	'Palmito',	'70523',	9.3333333,	-75.55,	28),
(643,	'Palocabildo',	'73520',	5.1333333,	-75.0333333,	29),
(644,	'Pamplona',	'54518',	7.3780556,	-72.6525,	22),
(645,	'Pamplonita',	'54520',	7.5,	-72.5833333,	22),
(646,	'Pandi',	'25524',	4.25,	-74.5,	13),
(647,	'Panqueba',	'15522',	6.5,	-72.4166667,	6),
(648,	'Paratebueno',	'25530',	4.3730556,	-73.2213889,	13),
(649,	'Pasca',	'25535',	4.3333333,	-74.2833333,	13),
(650,	'Patía (El Bordo)',	'19532',	2.1155556,	-76.9891667,	10),
(651,	'Pauna',	'15531',	5.75,	-73.9166667,	6),
(652,	'Paya',	'15532',	5.6666667,	-72.3816667,	6),
(653,	'Paz de Ariporo',	'85250',	5.8833333,	-71.9,	9),
(654,	'Paz de Río',	'15537',	6.0833333,	-72.75,	6),
(655,	'Pedraza',	'47441',	10.1666667,	-74.75,	19),
(656,	'Pelaya',	'20550',	8.6916667,	-73.6663889,	11),
(657,	'Pensilvania',	'17541',	5.5,	-75.0833333,	7),
(658,	'Peque',	'05543',	7,	-75.8333333,	2),
(659,	'Pereira',	'66001',	4.8133333,	-75.6961111,	25),
(660,	'Pesca',	'15542',	5.5833333,	-73.05,	6),
(661,	'Peñol',	'05541',	6.25,	-75.25,	2),
(662,	'Piamonte',	'19533',	7.7833333,	-75.2,	10),
(663,	'Pie de Cuesta',	'68547',	5.8383333,	-74.0366667,	27),
(664,	'Piedras',	'73547',	4.5,	-74.9166667,	29),
(665,	'Piendamó',	'19548',	2.75,	-76.5,	10),
(666,	'Pijao',	'63548',	4.3333333,	-75.6666667,	24),
(667,	'Pijiño',	'47545',	9.3302778,	-74.4497222,	19),
(668,	'Pinchote',	'68549',	6.5833333,	-73.1666667,	27),
(669,	'Pinillos',	'13549',	8.9172222,	-74.4663889,	5),
(670,	'Piojo',	'08549',	10.75,	-75.1333333,	4),
(671,	'Pisva',	'15550',	5.7427778,	-72.4894444,	6),
(672,	'Pital',	'41548',	2.3333333,	-75.8333333,	17),
(673,	'Pitalito',	'41551',	1.75,	-76.1666667,	17),
(674,	'Pivijay',	'47551',	10.4166667,	-74.3333333,	19),
(675,	'Planadas',	'73555',	3.25,	-75.75,	29),
(676,	'Planeta Rica',	'23555',	8.3333333,	-75.5833333,	14),
(677,	'Plato',	'47555',	9.8333333,	-74.3333333,	19),
(678,	'Policarpa',	'52540',	1.6316667,	-77.4616667,	21),
(679,	'Polonuevo',	'08558',	10.75,	-74.7833333,	4),
(680,	'Ponedera',	'08560',	10.6436111,	-74.7544444,	4),
(681,	'Popayán',	'19001',	3.2775,	-75.6213889,	10),
(682,	'Pore',	'85263',	5.6708333,	-71.93,	9),
(683,	'Potosí',	'52560',	0.75,	-77.4166667,	21),
(684,	'Pradera',	'76563',	3.4211111,	-76.2447222,	30),
(685,	'Prado',	'73563',	3.75,	-74.8333333,	29),
(686,	'Providencia',	'52565',	1.5702778,	-77.4694444,	21),
(687,	'Providencia',	'88564',	12.5,	-81.75,	26),
(688,	'Pueblo Bello',	'20570',	10.3666667,	-73.6333333,	11),
(689,	'Pueblo Nuevo',	'23570',	8.2333333,	-74.9666667,	14),
(690,	'Pueblo Rico',	'66572',	5.25,	-76.1666667,	25),
(691,	'Pueblorrico',	'05576',	5.8,	-75.85,	2),
(692,	'Puebloviejo',	'47570',	10.9833333,	-74.3333333,	19),
(693,	'Puente Nacional',	'68572',	5.9166667,	-73.5833333,	27),
(694,	'Puerres',	'52573',	0.9166667,	-77.25,	21),
(695,	'Puerto Asís',	'86568',	0.5158333,	-76.495,	23),
(696,	'Puerto Berrío',	'05579',	6.4166667,	-74.5,	2),
(697,	'Puerto Boyacá',	'15572',	5.9780556,	-74.5897222,	6),
(698,	'Puerto Caicedo',	'86569',	0.6838889,	-76.5858333,	23),
(699,	'Puerto Carreño',	'99001',	6.1877778,	-67.4730556,	32),
(700,	'Puerto Colombia',	'08573',	11.0166667,	-74.8833333,	4),
(701,	'Puerto Concordia',	'50450',	2.6794444,	-72.7608333,	20),
(702,	'Puerto Escondido',	'23574',	8.95,	-76.25,	14),
(703,	'Puerto Gaitán',	'50568',	4.3141667,	-72.0825,	20),
(704,	'Puerto Guzmán',	'86571',	0.9702778,	-76.5858333,	23),
(705,	'Puerto Leguízamo',	'86573',	-0.2,	-74.7666667,	23),
(706,	'Puerto Libertador',	'23580',	4.6,	-74.1166667,	14),
(707,	'Puerto Lleras',	'50577',	3,	-72.5,	20),
(708,	'Puerto López',	'50573',	4.0833333,	-72.9666667,	20),
(709,	'Puerto Nare',	'05585',	6.1916667,	-74.5866667,	2),
(710,	'Puerto Nariño',	'91540',	-3.7702778,	-70.3830556,	1),
(711,	'Puerto Parra',	'68573',	6.6516667,	-74.0608333,	27),
(712,	'Puerto Rico',	'18592',	1.9141667,	-75.145,	8),
(713,	'Puerto Rico',	'50590',	2.9383333,	-73.2083333,	20),
(714,	'Puerto Rondón',	'81591',	6.2780556,	-71.1,	3),
(715,	'Puerto Salgar',	'25572',	5.5,	-74.5833333,	13),
(716,	'Puerto Santander',	'54553',	8.3636111,	-72.4075,	22),
(717,	'Puerto Tejada',	'19573',	3.25,	-76.4166667,	10),
(718,	'Puerto Triunfo',	'05591',	5.8708333,	-74.6455556,	2),
(719,	'Puerto Wilches',	'68575',	7.5833333,	-73.6666667,	27),
(720,	'Pulí',	'25580',	4.75,	-74.6666667,	13),
(721,	'Pupiales',	'52585',	0.9166667,	-77.6666667,	21),
(722,	'Puracé (Coconuco)',	'19585',	2.3480556,	-76.5008333,	10),
(723,	'Purificación',	'73585',	3.9166667,	-74.9166667,	29),
(724,	'Purísima',	'23586',	9.3,	-75.6666667,	14),
(725,	'Pácora',	'17513',	5.5,	-75.5,	7),
(726,	'Páez',	'15514',	5.1044444,	-73.0555556,	6),
(727,	'Páez (Belalcazar)',	'19517',	5.1044444,	-73.0555556,	10),
(728,	'Páramo',	'68533',	6.5,	-73.1333333,	27),
(729,	'Quebradanegra',	'25592',	5.15,	-74.5,	13),
(730,	'Quetame',	'25594',	4.3333333,	-73.8333333,	13),
(731,	'Quibdó',	'27001',	5.6947222,	-76.6611111,	12),
(732,	'Quimbaya',	'63594',	4.6333333,	-75.75,	24),
(733,	'Quinchía',	'66594',	5.3333333,	-75.6666667,	25),
(734,	'Quipama',	'15580',	5.5222222,	-74.1808333,	6),
(735,	'Quipile',	'25596',	4.75,	-74.5833333,	13),
(736,	'Ragonvalia',	'54599',	7.5833333,	-72.5,	22),
(737,	'Ramiriquí',	'15599',	5.4166667,	-73.3333333,	6),
(738,	'Recetor',	'85279',	5.3333333,	-72.75,	9),
(739,	'Regidor',	'13580',	8.6666667,	-73.8333333,	5),
(740,	'Remedios',	'05604',	7,	-74.4166667,	2),
(741,	'Remolino',	'47605',	10.6666667,	-74.5833333,	19),
(742,	'Repelón',	'08606',	10.55,	-75.1333333,	4),
(743,	'Restrepo',	'50606',	4.1666667,	-73.4166667,	20),
(744,	'Restrepo',	'76606',	3.7833333,	-76.5,	30),
(745,	'Retiro',	'05607',	6.0833333,	-75.5,	2),
(746,	'Ricaurte',	'25612',	4.2797222,	-74.7761111,	13),
(747,	'Ricaurte',	'52612',	1.1666667,	-78.1666667,	21),
(748,	'Rio Negro',	'68615',	7.2191667,	-73.1558333,	27),
(749,	'Rioblanco',	'73616',	3.5,	-75.8333333,	29),
(750,	'Riofrío',	'76616',	4.0833333,	-76.3333333,	30),
(751,	'Riohacha',	'44001',	11.5444444,	-72.9072222,	18),
(752,	'Risaralda',	'17616',	5.1666667,	-75.75,	7),
(753,	'Rivera',	'41615',	2.8333333,	-75.1666667,	17),
(754,	'Roberto Payán (San José)',	'52621',	1.9166667,	-78.3333333,	21),
(755,	'Roldanillo',	'76622',	4.4147222,	-76.1547222,	30),
(756,	'Roncesvalles',	'73622',	4.0833333,	-75.5833333,	29),
(757,	'Rondón',	'15621',	5.4166667,	-73.1666667,	6),
(758,	'Rosas',	'19622',	2.3333333,	-76.75,	10),
(759,	'Rovira',	'73624',	4.25,	-75.3333333,	29),
(760,	'Ráquira',	'15600',	5.6166667,	-73.6333333,	6),
(761,	'Río Iró',	'27580',	5.1,	-76.6666667,	12),
(762,	'Río Quito',	'27600',	5.7,	-76.6666667,	12),
(763,	'Río Sucio',	'17614',	5.3791667,	-75.6161111,	7),
(764,	'Río Viejo',	'13600',	8.59,	-73.8436111,	5),
(765,	'Río de oro',	'20614',	8,	-73.5,	11),
(766,	'Ríonegro',	'05615',	6.1666667,	-75.4166667,	2),
(767,	'Ríosucio',	'27615',	7.4166667,	-77.1666667,	12),
(768,	'Sabana de Torres',	'68655',	7.3980556,	-73.4969444,	27),
(769,	'Sabanagrande',	'08634',	10.8,	-74.75,	4),
(770,	'Sabanalarga',	'05628',	6.9166667,	-75.8,	2),
(771,	'Sabanalarga',	'08638',	10.6333333,	-74.8333333,	4),
(772,	'Sabanalarga',	'85300',	4.8536111,	-73.0430556,	9),
(773,	'Sabanas de San Angel (SAN ANGEL)',	'47660',	10.033,	-74.217,	19),
(774,	'Sabaneta',	'05631',	6.15,	-75.6,	2),
(775,	'Saboyá',	'15632',	5.75,	-73.7,	6),
(776,	'Sahagún',	'23660',	8.8333333,	-75.4166667,	14),
(777,	'Saladoblanco',	'41660',	2.0144444,	-76.0502778,	17),
(778,	'Salamina',	'17653',	5.4166667,	-75.4166667,	7),
(779,	'Salamina',	'47675',	10.5,	-74.7,	19),
(780,	'Salazar',	'54660',	7.8,	-72.8333333,	22),
(781,	'Saldaña',	'73671',	3.9347222,	-75.0202778,	29),
(782,	'Salento',	'63690',	4.6666667,	-75.5,	24),
(783,	'Salgar',	'05642',	6,	-76,	2),
(784,	'Samacá',	'15646',	5.5,	-73.5,	6),
(785,	'Samaniego',	'52678',	1.4166667,	-77.6666667,	21),
(786,	'Samaná',	'17662',	5.5833333,	-74.9166667,	7),
(787,	'Sampués',	'70670',	9.1666667,	-75.3,	28),
(788,	'San Agustín',	'41668',	1.9166667,	-76.3333333,	17),
(789,	'San Alberto',	'20710',	7.7525,	-73.3891667,	11),
(790,	'San Andrés',	'68669',	6.8333333,	-72.75,	27),
(791,	'San Andrés Sotavento',	'23670',	9.1666667,	-75.55,	14),
(792,	'San Andrés de Cuerquía',	'05647',	6.917,	-75.667,	2),
(793,	'San Antero',	'23672',	9.35,	-75.75,	14),
(794,	'San Antonio',	'73675',	3.9166667,	-75.5,	29),
(795,	'San Antonio de Tequendama',	'25645',	4.1333333,	-74.5,	13),
(796,	'San Benito',	'68673',	6.1666667,	-73.4666667,	27),
(797,	'San Benito Abad',	'70678',	8.75,	-74.9166667,	28),
(798,	'San Bernardo',	'25649',	4.2,	-74.3333333,	13),
(799,	'San Bernardo',	'52685',	1.5163889,	-77.0466667,	21),
(800,	'San Bernardo del Viento',	'23675',	9.25,	-76,	14),
(801,	'San Calixto',	'54670',	8.75,	-73.0333333,	22),
(802,	'San Carlos',	'05649',	6.2,	-74.9166667,	2),
(803,	'San Carlos',	'23678',	8.7,	-75.7,	14),
(804,	'San Carlos de Guaroa',	'50680',	3.7122222,	-73.2436111,	20),
(805,	'San Cayetano',	'25653',	5.3333333,	-74.0833333,	13),
(806,	'San Cayetano',	'54673',	7.8833333,	-72.5833333,	22),
(807,	'San Cristobal',	'13620',	9.8833333,	-75.25,	5),
(808,	'San Diego',	'20750',	10.3375,	-73.1825,	11),
(809,	'San Eduardo',	'15660',	5.2166667,	-73.1333333,	6),
(810,	'San Estanislao',	'13647',	10.3983333,	-75.1511111,	5),
(811,	'San Fernando',	'13650',	9.0833333,	-74.3333333,	5),
(812,	'San Francisco',	'05652',	6.1166667,	-75.9833333,	2),
(813,	'San Francisco',	'25658',	5,	-74.2833333,	13),
(814,	'San Francisco',	'86755',	1.1772222,	-76.8830556,	23),
(815,	'San Gíl',	'68679',	6.5833333,	-73.0833333,	27),
(816,	'San Jacinto',	'13654',	9.8333333,	-75.0833333,	5),
(817,	'San Jacinto del Cauca',	'13655',	9.8316667,	-75.1263889,	5),
(818,	'San Jerónimo',	'05656',	6.45,	-75.7,	2),
(819,	'San Joaquín',	'68682',	6.4333333,	-72.8666667,	27),
(820,	'San José',	'17665',	5.0858333,	-75.7883333,	7),
(821,	'San José de Miranda',	'68686',	6.7,	-72.6666667,	27),
(822,	'San José de Montaña',	'05658',	6.8502778,	-75.6833333,	2),
(823,	'San José de Pare',	'15664',	6.0833333,	-73.4666667,	6),
(824,	'San José de Uré',	'23682',	7.767,	-75.517,	14),
(825,	'San José del Fragua',	'18610',	1.3611111,	-75.9883333,	8),
(826,	'San José del Guaviare',	'95001',	2.5683333,	-72.6416667,	16),
(827,	'San José del Palmar',	'27660',	4.9166667,	-76.25,	12),
(828,	'San Juan de Arama',	'50683',	3.3463889,	-73.8894444,	20),
(829,	'San Juan de Betulia',	'70702',	9.2755556,	-75.2455556,	28),
(830,	'San Juan de Nepomuceno',	'13657',	9.9566667,	-75.0866667,	5),
(831,	'San Juan de Pasto',	'52001',	1.21467073681653,	-77.2786474227905,	21),
(832,	'San Juan de Río Seco',	'25662',	4.9166667,	-74.6666667,	13),
(833,	'San Juan de Urabá',	'05659',	8.7630556,	-76.53,	2),
(834,	'San Juan del Cesar',	'44650',	10.8333333,	-73.0833333,	18),
(835,	'San Juanito',	'50686',	4.4586111,	-73.6730556,	20),
(836,	'San Lorenzo',	'52687',	1.5,	-77.1666667,	21),
(837,	'San Luis',	'73678',	4.1666667,	-75.0833333,	29),
(838,	'San Luís',	'05660',	6,	-74.8333333,	2),
(839,	'San Luís de Gaceno',	'15667',	4.8213889,	-73.1675,	6),
(840,	'San Luís de Palenque',	'85325',	5.2805556,	-71.5819444,	9),
(841,	'San Marcos',	'70708',	8.5833333,	-75.1666667,	28),
(842,	'San Martín',	'20770',	8.0047222,	-73.5152778,	11),
(843,	'San Martín',	'50689',	3.7,	-73.7,	20),
(844,	'San Martín de Loba',	'13667',	8.8333333,	-73.9166667,	5),
(845,	'San Mateo',	'15673',	6.5,	-72.5,	6),
(846,	'San Miguel',	'68684',	6.6666667,	-72.55,	27),
(847,	'San Miguel',	'86757',	0.3394444,	-76.8830556,	23),
(848,	'San Miguel de Sema',	'15676',	5.55,	-73.75,	6),
(849,	'San Onofre',	'70713',	9.8333333,	-75.5,	28),
(850,	'San Pablo',	'13670',	10.0527778,	-75.2680556,	5),
(851,	'San Pablo',	'52693',	1.6666667,	-76.9166667,	21),
(852,	'San Pablo de Borbur',	'15681',	5.75,	-74.0833333,	6),
(853,	'San Pedro',	'05664',	6.45,	-75.5833333,	2),
(854,	'San Pedro',	'70717',	9.4166667,	-75,	28),
(855,	'San Pedro',	'76670',	4,	-76.1666667,	30),
(856,	'San Pedro de Cartago',	'52694',	1.5613889,	-77.1180556,	21),
(857,	'San Pedro de Urabá',	'05665',	8.2761111,	-76.3786111,	2),
(858,	'San Pelayo',	'23686',	9,	-75.9166667,	14),
(859,	'San Rafael',	'05667',	6.3,	-75,	2),
(860,	'San Roque',	'05670',	6.4166667,	-74.8333333,	2),
(861,	'San Sebastián',	'19693',	1.9166667,	-76.6666667,	10),
(862,	'San Sebastián de Buenavista',	'47692',	9.3333333,	-74.3333333,	19),
(863,	'San Vicente',	'05674',	6.3333333,	-75.3333333,	2),
(864,	'San Vicente del Caguán',	'18753',	2.1525,	-74.7888889,	8),
(865,	'San Vicente del Chucurí',	'68689',	6.8836111,	-73.4138889,	27),
(866,	'San Zenón',	'47703',	9.3333333,	-74.3,	19),
(867,	'Sandoná',	'52683',	1.25,	-77.45,	21),
(868,	'Santa Ana',	'47707',	9.3166667,	-74.5833333,	19),
(869,	'Santa Bárbara',	'05679',	5.8666667,	-75.5833333,	2),
(870,	'Santa Bárbara',	'68705',	6.9927778,	-72.9102778,	27),
(871,	'Santa Bárbara (Iscuandé)',	'52695',	2.3333333,	-77.9166667,	21),
(872,	'Santa Bárbara de Pinto',	'47720',	10.6,	-74.167,	19),
(873,	'Santa Catalina',	'13673',	10.5833333,	-75.25,	5),
(874,	'Santa Fé de Antioquia',	'05042',	6.5597222,	-75.8280556,	2),
(875,	'Santa Genoveva de Docorodó',	'27250',	4.2586111,	-77.3675,	12),
(876,	'Santa Helena del Opón',	'68720',	6.3375,	-73.5919444,	27),
(877,	'Santa Isabel',	'73686',	4.75,	-75.1666667,	29),
(878,	'Santa Lucía',	'08675',	10.3286111,	-74.9644444,	4),
(879,	'Santa Marta',	'47001',	11.2472222,	-74.2016667,	19),
(880,	'Santa María',	'15690',	4.8616667,	-73.2641667,	6),
(881,	'Santa María',	'41676',	3,	-75.7,	17),
(882,	'Santa Rosa',	'13683',	10.45,	-75.3333333,	5),
(883,	'Santa Rosa',	'19701',	1.5,	-76.5,	10),
(884,	'Santa Rosa de Cabal',	'66682',	4.8680556,	-75.6213889,	25),
(885,	'Santa Rosa de Osos',	'05686',	6.6666667,	-75.4166667,	2),
(886,	'Santa Rosa de Viterbo',	'15693',	5.9166667,	-73,	6),
(887,	'Santa Rosa del Sur',	'13688',	7.9644444,	-74.0544444,	5),
(888,	'Santa Rosalía',	'99624',	5.1261111,	-70.8758333,	32),
(889,	'Santa Sofía',	'15696',	5.75,	-73.5833333,	6),
(890,	'Santana',	'15686',	6.0572222,	-73.4822222,	6),
(891,	'Santander de Quilichao',	'19698',	3.0130556,	-76.4866667,	10),
(892,	'Santiago',	'54680',	7.9166667,	-72.6666667,	22),
(893,	'Santiago',	'86760',	1.1511111,	-77.0075,	23),
(894,	'Santo Domingo',	'05690',	6.4722222,	-75.1647222,	2),
(895,	'Santo Tomás',	'08685',	10.75,	-74.8333333,	4),
(896,	'Santuario',	'05697',	6.1333333,	-75.25,	2),
(897,	'Santuario',	'66687',	5.0833333,	-76,	25),
(898,	'Sapuyes',	'52720',	1.0333333,	-77.6,	21),
(899,	'Saravena',	'81736',	6.9205556,	-71.8533333,	3),
(900,	'Sardinata',	'54720',	8.25,	-72.75,	22),
(901,	'Sasaima',	'25718',	5,	-74.45,	13),
(902,	'Sativanorte',	'15720',	6.1666667,	-72.6666667,	6),
(903,	'Sativasur',	'15723',	6.1333333,	-72.6666667,	6),
(904,	'Segovia',	'05736',	7.25,	-74.75,	2),
(905,	'Sesquilé',	'25736',	5.0833333,	-73.8333333,	13),
(906,	'Sevilla',	'76736',	4.2688889,	-75.9361111,	30),
(907,	'Siachoque',	'15740',	5.5833333,	-73.1666667,	6),
(908,	'Sibaté',	'25740',	4.4913889,	-74.2605556,	13),
(909,	'Sibundoy',	'86749',	1.1833333,	-76.9166667,	23),
(910,	'Silos',	'54743',	7.2,	-72.75,	22),
(911,	'Silvania',	'25743',	4.5,	-74.3333333,	13),
(912,	'Silvia',	'19743',	2.75,	-76.3333333,	10),
(913,	'Simacota',	'68745',	6.4472222,	-73.3413889,	27),
(914,	'Simijaca',	'25745',	5.5833333,	-73.8333333,	13),
(915,	'Simití',	'13744',	7.5833333,	-74.1666667,	5),
(916,	'Sincelejo',	'70001',	9.3047222,	-75.3977778,	28),
(917,	'Sincé',	'70742',	9.1666667,	-75,	28),
(918,	'Sipí',	'27745',	4.5833333,	-76.5,	12),
(919,	'Sitionuevo',	'47745',	10.9166667,	-74.5833333,	19),
(920,	'Soacha',	'25754',	4.5872222,	-74.2213889,	13),
(921,	'Soatá',	'15753',	6.4166667,	-72.6666667,	6),
(922,	'Socha',	'15757',	6,	-72.6666667,	6),
(923,	'Socorro',	'68755',	6.5333333,	-73.2,	27),
(924,	'Socotá',	'15755',	6.0833333,	-72.5833333,	6),
(925,	'Sogamoso',	'15759',	5.7205556,	-72.9297222,	6),
(926,	'Solano',	'18765',	0.7147222,	-75.2486111,	8),
(927,	'Soledad',	'08758',	10.9172222,	-74.7666667,	4),
(928,	'Solita',	'18785',	0.9,	-75.623,	8),
(929,	'Somondoco',	'15761',	4.9877778,	-73.4361111,	6),
(930,	'Sonsón',	'05756',	5.75,	-75,	2),
(931,	'Sopetrán',	'05761',	6.5,	-75.75,	2),
(932,	'Soplaviento',	'13760',	10.3333333,	-75.1,	5),
(933,	'Sopó',	'25758',	4.9166667,	-73.95,	13),
(934,	'Sora',	'15762',	5.5666667,	-73.4333333,	6),
(935,	'Soracá',	'15764',	5.5,	-73.3166667,	6),
(936,	'Sotaquirá',	'15763',	5.8333333,	-73.25,	6),
(937,	'Sotara (Paispamba)',	'19760',	2.2566667,	-76.6186111,	10),
(938,	'Sotomayor (Los Andes)',	'52418',	1.5155556,	-77.495,	21),
(939,	'Suaita',	'68770',	6.1666667,	-73.3,	27),
(940,	'Suan',	'08770',	10.3333333,	-74.9166667,	4),
(941,	'Suaza',	'41770',	1.9166667,	-75.8333333,	17),
(942,	'Subachoque',	'25769',	5,	-74.1666667,	13),
(943,	'Sucre',	'19785',	2.0333333,	-76.9166667,	10),
(944,	'Sucre',	'68773',	6.0833333,	-73.9166667,	27),
(945,	'Sucre',	'70771',	9,	-75,	28),
(946,	'Suesca',	'25772',	5.1666667,	-73.8333333,	13),
(947,	'Supatá',	'25777',	5.0833333,	-74.25,	13),
(948,	'Supía',	'17777',	5.5,	-75.6333333,	7),
(949,	'Suratá',	'68780',	7.5,	-72.9666667,	27),
(950,	'Susa',	'25779',	5.5,	-73.8333333,	13),
(951,	'Susacón',	'15774',	6.2666667,	-72.6666667,	6),
(952,	'Sutamarchán',	'15776',	5.6666667,	-73.5833333,	6),
(953,	'Sutatausa',	'25781',	5.251,	-73.856,	13),
(954,	'Sutatenza',	'15778',	5.0166667,	-73.45,	6),
(955,	'Suárez',	'19780',	2.9588889,	-76.6952778,	10),
(956,	'Suárez',	'73770',	4.0833333,	-74.7833333,	29),
(957,	'Sácama',	'85315',	6.0833333,	-72.0833333,	9),
(958,	'Sáchica',	'15638',	5.6666667,	-73.5,	6),
(959,	'Tabio',	'25785',	5,	-74.0833333,	13),
(960,	'Tadó',	'27787',	5.3333333,	-76.4166667,	12),
(961,	'Talaigua Nuevo',	'13780',	9.3069444,	-74.5686111,	5),
(962,	'Tamalameque',	'20787',	8.8333333,	-73.5833333,	11),
(963,	'Tame',	'81794',	6.4641667,	-71.7288889,	3),
(964,	'Taminango',	'52786',	1.5833333,	-77.25,	21),
(965,	'Tangua',	'52788',	1.0833333,	-77.3,	21),
(966,	'Taraira',	'97666',	0.4938889,	-69.6669444,	31),
(967,	'Tarazá',	'05790',	7.5833333,	-75.35,	2),
(968,	'Tarqui',	'41791',	2.1666667,	-75.9166667,	17),
(969,	'Tarso',	'05792',	5.8333333,	-75.8333333,	2),
(970,	'Tasco',	'15790',	5.9166667,	-72.7,	6),
(971,	'Tauramena',	'85410',	5.0186111,	-72.7552778,	9),
(972,	'Tausa',	'25793',	5.25,	-73.9166667,	13),
(973,	'Tello',	'41799',	3.0833333,	-75.0833333,	17),
(974,	'Tena',	'25797',	4.7,	-74.4166667,	13),
(975,	'Tenerife',	'47798',	NULL,	-74.6666667,	19),
(976,	'Tenjo',	'25799',	4.9166667,	-74.1666667,	13),
(977,	'Tenza',	'15798',	5.15,	-73.45,	6),
(978,	'Teorama',	'54800',	8.75,	-73.1666667,	22),
(979,	'Teruel',	'41801',	2.9166667,	-75.6666667,	17),
(980,	'Tesalia',	'41797',	2.6666667,	-75.75,	17),
(981,	'Tibacuy',	'25805',	4.3833333,	-74.5,	13),
(982,	'Tibaná',	'15804',	5.3333333,	-73.3833333,	6),
(983,	'Tibasosa',	'15806',	5.8333333,	-72.9666667,	6),
(984,	'Tibirita',	'25807',	5.1333333,	-73.5333333,	13),
(985,	'Tibú',	'54810',	8.6480556,	-72.7394444,	22),
(986,	'Tierralta',	'23807',	8.1736111,	-76.0591667,	14),
(987,	'Timaná',	'41807',	2,	-75.9166667,	17),
(988,	'Timbiquí',	'19809',	2.75,	-77.5833333,	10),
(989,	'Timbío',	'19807',	2.4166667,	-76.75,	10),
(990,	'Tinjacá',	'15808',	5.6333333,	-73.65,	6),
(991,	'Tipacoque',	'15810',	6.4233333,	-72.6952778,	6),
(992,	'Tiquisio (Puerto Rico)',	'13810',	8.5597222,	-74.2669444,	5),
(993,	'Titiribí',	'05809',	6.0833333,	-75.8,	2),
(994,	'Toca',	'15814',	5.6666667,	-73.1666667,	6),
(995,	'Tocaima',	'25815',	4.5,	-74.6666667,	13),
(996,	'Tocancipá',	'25817',	5,	-73.9166667,	13),
(997,	'Toguí',	'15816',	5.95,	-73.4166667,	6),
(998,	'Toledo',	'05819',	7,	-75.7,	2),
(999,	'Toledo',	'54820',	7.3,	-72.25,	22),
(1000,	'Tolú',	'70820',	9.5,	-75.5333333,	28),
(1001,	'Tolú Viejo',	'70823',	NULL,	NULL,	28),
(1002,	'Tona',	'68820',	7.25,	-72.9,	27),
(1003,	'Topagá',	'15820',	5.8333333,	-72.8333333,	6),
(1004,	'Topaipí',	'25823',	5.4166667,	-74.3333333,	13),
(1005,	'Toribío',	'19821',	3,	-76.1666667,	10),
(1006,	'Toro',	'76823',	4.6116667,	-76.0813889,	30),
(1007,	'Tota',	'15822',	5.5,	-73,	6),
(1008,	'Totoró',	'19824',	2.5833333,	-76.3333333,	10),
(1009,	'Trinidad',	'85430',	5.4305556,	-71.6311111,	9),
(1010,	'Trujillo',	'76828',	4.25,	-76.3333333,	30),
(1011,	'Tubará',	'08832',	10.9166667,	-74.95,	4),
(1012,	'Tuchín',	'23815',	9.1833333,	-75.55,	14),
(1013,	'Tuluá',	'76834',	4.0866667,	-76.2,	30),
(1014,	'Tumaco',	'52835',	1.7986111,	-78.8155556,	21),
(1015,	'Tunja',	'15001',	5.5352778,	-73.3677778,	6),
(1016,	'Tunungua',	'15832',	5.7333333,	-73.9333333,	6),
(1017,	'Turbaco',	'13836',	10.35,	-75.3333333,	5),
(1018,	'Turbaná',	'13838',	10.25,	-75.4166667,	5),
(1019,	'Turbo',	'05837',	8,	-76.5833333,	2),
(1020,	'Turmequé',	'15835',	5.3333333,	-73.5,	6),
(1021,	'Tuta',	'15837',	5.75,	-73.1666667,	6),
(1022,	'Tutasá',	'15839',	6.1666667,	-72.8333333,	6),
(1023,	'Támara',	'85400',	5.8297222,	-72.1633333,	9),
(1024,	'Támesis',	'05789',	5.6666667,	-75.6666667,	2),
(1025,	'Túquerres',	'52838',	1.1666667,	-77.5833333,	21),
(1026,	'Ubalá',	'25839',	4.8333333,	-73.5,	13),
(1027,	'Ubaque',	'25841',	4.5833333,	-74,	13),
(1028,	'Ubaté',	'25843',	5.35,	-73.8333333,	13),
(1029,	'Ulloa',	'76845',	4.7166667,	-75.75,	30),
(1030,	'Une',	'25845',	4.3333333,	-74.0833333,	13),
(1031,	'Unguía',	'27800',	8.0430556,	-77.0961111,	12),
(1032,	'Unión Panamericana (ÁNIMAS)',	'27810',	5.283,	-76.617,	12),
(1033,	'Uramita',	'05842',	6.8994444,	-76.1741667,	2),
(1034,	'Uribe',	'50370',	3.254,	-74.358,	20),
(1035,	'Uribia',	'44847',	11.9166667,	-72,	18),
(1036,	'Urrao',	'05847',	6.3333333,	-76.4166667,	2),
(1037,	'Urumita',	'44855',	10.5666667,	-73.0166667,	18),
(1038,	'Usiacuri',	'08849',	10.75,	-74.9666667,	4),
(1039,	'Valdivia',	'05854',	7.3333333,	-75.3333333,	2),
(1040,	'Valencia',	'23855',	8.3,	-76.1666667,	14),
(1041,	'Valle de San José',	'68855',	6.5,	-73.0666667,	27),
(1042,	'Valle de San Juan',	'73854',	4.25,	-75.1666667,	29),
(1043,	'Valle del Guamuez',	'86865',	0.4525,	-76.9191667,	23),
(1044,	'Valledupar',	'20001',	10.4769444,	-73.2505556,	11),
(1045,	'Valparaiso',	'05856',	5.6666667,	-75.5833333,	2),
(1046,	'Valparaiso',	'18860',	1.1991667,	-75.7097222,	8),
(1047,	'Vegachí',	'05858',	6.7730556,	-74.8016667,	2),
(1048,	'Venadillo',	'73861',	4.75,	-74.9166667,	29),
(1049,	'Venecia',	'05861',	5.9166667,	-75.75,	2),
(1050,	'Venecia (Ospina Pérez)',	'25506',	4.1333333,	-74.5,	13),
(1051,	'Ventaquemada',	'15861',	5.4166667,	-73.5,	6),
(1052,	'Vergara',	'25862',	5.1666667,	-74.3333333,	13),
(1053,	'Versalles',	'76863',	4.6666667,	-76.25,	30),
(1054,	'Vetas',	'68867',	7.3333333,	-72.8666667,	27),
(1055,	'Viani',	'25867',	4.9166667,	-74.55,	13),
(1056,	'Vigía del Fuerte',	'05873',	6.5919444,	-76.8986111,	2),
(1057,	'Vijes',	'76869',	3.6986111,	-76.4491667,	30),
(1058,	'Villa Caro',	'54871',	7.9169444,	-72.9763889,	22),
(1059,	'Villa Rica',	'19845',	2.5136111,	-76.8477778,	10),
(1060,	'Villa de Leiva',	'15407',	5.6333333,	-73.5333333,	6),
(1061,	'Villa del Rosario',	'54874',	7.8338889,	-72.4741667,	22),
(1062,	'Villagarzón',	'86885',	1.038,	-76.627,	23),
(1063,	'Villagómez',	'25871',	5.2761111,	-74.1988889,	13),
(1064,	'Villahermosa',	'73870',	5,	-75.1666667,	29),
(1065,	'Villamaría',	'17873',	5,	-75.5,	7),
(1066,	'Villanueva',	'13873',	10.45,	-75.25,	5),
(1067,	'Villanueva',	'44874',	10.5833333,	-73,	18),
(1068,	'Villanueva',	'68872',	6.6741667,	-73.1777778,	27),
(1069,	'Villanueva',	'85440',	5.2833333,	-71.9666667,	9),
(1070,	'Villapinzón',	'25873',	5.2833333,	-73.5833333,	13),
(1071,	'Villarrica',	'73873',	4,	-74.5833333,	29),
(1072,	'Villavicencio',	'50001',	4.1533333,	-73.635,	20),
(1073,	'Villavieja',	'41872',	3.3333333,	-75.1666667,	17),
(1074,	'Villeta',	'25875',	5.0833333,	-74.5,	13),
(1075,	'Viotá',	'25878',	4.5,	-74.5,	13),
(1076,	'Viracachá',	'15879',	5.5,	-73.25,	6),
(1077,	'Vista Hermosa',	'50711',	3.0863889,	-73.7513889,	20),
(1078,	'Viterbo',	'17877',	5.0833333,	-75.8666667,	7),
(1079,	'Vélez',	'68861',	6.0833333,	-73.5833333,	27),
(1080,	'Yacopí',	'25885',	5.6666667,	-74.4166667,	13),
(1081,	'Yacuanquer',	'52885',	1.0833333,	-77.4166667,	21),
(1082,	'Yaguará',	'41885',	2.6666667,	-75.5833333,	17),
(1083,	'Yalí',	'05885',	6.8333333,	-74.75,	2),
(1084,	'Yarumal',	'05887',	7,	-75.5,	2),
(1085,	'Yolombó',	'05890',	6.6666667,	-75,	2),
(1086,	'Yondó (Casabe)',	'05893',	7.0077778,	-73.9141667,	2),
(1087,	'Yopal',	'85001',	5.3394444,	-72.3941667,	9),
(1088,	'Yotoco',	'76890',	3.9166667,	-76.3333333,	30),
(1089,	'Yumbo',	'76892',	3.585,	-76.4958333,	30),
(1090,	'Zambrano',	'13894',	9.75,	-74.8333333,	5),
(1091,	'Zapatoca',	'68895',	6.8333333,	-73.25,	27),
(1092,	'Zapayán (PUNTA DE PIEDRAS)',	'47960',	10.171,	-74.719,	19),
(1093,	'Zaragoza',	'05895',	7.75,	-74.75,	2),
(1094,	'Zarzal',	'76895',	4.3983333,	-76.0772222,	30),
(1095,	'Zetaquirá',	'15897',	5.35,	-73.1666667,	6),
(1096,	'Zipacón',	'25888',	4.8333333,	-74.4166667,	13),
(1097,	'Zipaquirá',	'25899',	5.0283333,	-74.0058333,	13),
(1098,	'Zona Bananera (PRADO - SEVILLA)',	'47980',	NULL,	NULL,	19),
(1099,	'Ábrego',	'54003',	8,	-73.2,	22),
(1100,	'Íquira',	'41357',	2.75,	-75.75,	17),
(1101,	'Úmbita',	'15842',	5.2333333,	-73.45,	6),
(1102,	'Útica',	'25851',	5.25,	-74.5,	13);

INSERT INTO "entidades_caracteristicaescenario" ("id", "descripcion") VALUES
(1,	'Bajo Techo'),
(2,	'Acceso a Discapacitados'),
(3,	'Cafetería'),
(4,	'Baterías Sanitarias'),
(5,	'Accesibilidad al campo de juego para discapacitado'),
(6,	'Graderías Discapacitados'),
(7,	'Baños para Discapacitados'),
(8,	'Guarda Bicicletas'),
(9,	'Zonas de Calentamiento'),
(10,	'Zonas de Hidratación'),
(11,	'Espacio para toma de muestras de dopaje'),
(12,	'Sala de prensa'),
(13,	'Cabina de transmisión en gradería'),
(14,	'Conexiones eléctricas y electrónicas'),
(15,	'Espacio para ubicación de paramédicos'),
(16,	'Enfermería'),
(17,	'Iluminación'),
(18,	'Lamparas Lumex'),
(19,	'Parqueaderos'),
(20,	'Área de Camerinos'),
(21,	'Área Complementaria'),
(22,	'Área de Espectadores'),
(23,	'Taquillas');

INSERT INTO "entidades_dias" ("id", "nombre") VALUES
(2,	'Lunes'),
(3,	'Martes'),
(4,	'Miércoles'),
(5,	'Jueves'),
(6,	'Viernes'),
(7,	'Sábado'),
(1,	'Domingo');

INSERT INTO "entidades_tipodisciplinadeportiva" ("id", "descripcion") VALUES
(1,	'Ciclismo'),
(2,	'Voleibol'),
(3,	'Baloncesto'),
(5,	'Natación'),
(6,	'Atletismo'),
(7,	'Patinaje'),
(8,	'Béisbol'),
(9,	'Softball'),
(10,	'Gimnasia'),
(4,	'Fútbol');

INSERT INTO "entidades_nacionalidad" ("id","iso","nombre") VALUES
(1, 'AF', 'Afganistán'),
(2, 'AX', 'Islas Gland'),
(3, 'AL', 'Albania'),
(4, 'DE', 'Alemania'),
(5, 'AD', 'Andorra'),
(6, 'AO', 'Angola'),
(7, 'AI', 'Anguilla'),
(8, 'AQ', 'Antártida'),
(9, 'AG', 'Antigua y Barbuda'),
(10, 'AN', 'Antillas Holandesas'),
(11, 'SA', 'Arabia Saudí'),
(12, 'DZ', 'Argelia'),
(13, 'AR', 'Argentina'),
(14, 'AM', 'Armenia'),
(15, 'AW', 'Aruba'),
(16, 'AU', 'Australia'),
(17, 'AT', 'Austria'),
(18, 'AZ', 'Azerbaiyán'),
(19, 'BS', 'Bahamas'),
(20, 'BH', 'Bahréin'),
(21, 'BD', 'Bangladesh'),
(22, 'BB', 'Barbados'),
(23, 'BY', 'Bielorrusia'),
(24, 'BE', 'Bélgica'),
(25, 'BZ', 'Belice'),
(26, 'BJ', 'Benin'),
(27, 'BM', 'Bermudas'),
(28, 'BT', 'Bhután'),
(29, 'BO', 'Bolivia'),
(30, 'BA', 'Bosnia y Herzegovina'),
(31, 'BW', 'Botsuana'),
(32, 'BV', 'Isla Bouvet'),
(33, 'BR', 'Brasil'),
(34, 'BN', 'Brunéi'),
(35, 'BG', 'Bulgaria'),
(36, 'BF', 'Burkina Faso'),
(37, 'BI', 'Burundi'),
(38, 'CV', 'Cabo Verde'),
(39, 'KY', 'Islas Caimán'),
(40, 'KH', 'Camboya'),
(41, 'CM', 'Camerún'),
(42, 'CA', 'Canadá'),
(43, 'CF', 'República Centroafricana'),
(44, 'TD', 'Chad'),
(45, 'CZ', 'República Checa'),
(46, 'CL', 'Chile'),
(47, 'CN', 'China'),
(48, 'CY', 'Chipre'),
(49, 'CX', 'Isla de Navidad'),
(50, 'VA', 'Ciudad del Vaticano'),
(51, 'CC', 'Islas Cocos'),
(52, 'CO', 'Colombia'),
(53, 'KM', 'Comoras'),
(54, 'CD', 'República Democrática del Congo'),
(55, 'CG', 'Congo'),
(56, 'CK', 'Islas Cook'),
(57, 'KP', 'Corea del Norte'),
(58, 'KR', 'Corea del Sur'),
(59, 'CI', 'Costa de Marfil'),
(60, 'CR', 'Costa Rica'),
(61, 'HR', 'Croacia'),
(62, 'CU', 'Cuba'),
(63, 'DK', 'Dinamarca'),
(64, 'DM', 'Dominica'),
(65, 'DO', 'República Dominicana'),
(66, 'EC', 'Ecuador'),
(67, 'EG', 'Egipto'),
(68, 'SV', 'El Salvador'),
(69, 'AE', 'Emiratos Árabes Unidos'),
(70, 'ER', 'Eritrea'),
(71, 'SK', 'Eslovaquia'),
(72, 'SI', 'Eslovenia'),
(73, 'ES', 'España'),
(74, 'UM', 'Islas ultramarinas de Estados Unidos'),
(75, 'US', 'Estados Unidos'),
(76, 'EE', 'Estonia'),
(77, 'ET', 'Etiopía'),
(78, 'FO', 'Islas Feroe'),
(79, 'PH', 'Filipinas'),
(80, 'FI', 'Finlandia'),
(81, 'FJ', 'Fiyi'),
(82, 'FR', 'Francia'),
(83, 'GA', 'Gabón'),
(84, 'GM', 'Gambia'),
(85, 'GE', 'Georgia'),
(86, 'GS', 'Islas Georgias del Sur y Sandwich del Sur'),
(87, 'GH', 'Ghana'),
(88, 'GI', 'Gibraltar'),
(89, 'GD', 'Granada'),
(90, 'GR', 'Grecia'),
(91, 'GL', 'Groenlandia'),
(92, 'GP', 'Guadalupe'),
(93, 'GU', 'Guam'),
(94, 'GT', 'Guatemala'),
(95, 'GF', 'Guayana Francesa'),
(96, 'GN', 'Guinea'),
(97, 'GQ', 'Guinea Ecuatorial'),
(98, 'GW', 'Guinea-Bissau'),
(99, 'GY', 'Guyana'),
(100, 'HT', 'Haití'),
(101, 'HM', 'Islas Heard y McDonald'),
(102, 'HN', 'Honduras'),
(103, 'HK', 'Hong Kong'),
(104, 'HU', 'Hungría'),
(105, 'IN', 'India'),
(106, 'ID', 'Indonesia'),
(107, 'IR', 'Irán'),
(108, 'IQ', 'Iraq'),
(109, 'IE', 'Irlanda'),
(110, 'IS', 'Islandia'),
(111, 'IL', 'Israel'),
(112, 'IT', 'Italia'),
(113, 'JM', 'Jamaica'),
(114, 'JP', 'Japón'),
(115, 'JO', 'Jordania'),
(116, 'KZ', 'Kazajstán'),
(117, 'KE', 'Kenia'),
(118, 'KG', 'Kirguistán'),
(119, 'KI', 'Kiribati'),
(120, 'KW', 'Kuwait'),
(121, 'LA', 'Laos'),
(122, 'LS', 'Lesotho'),
(123, 'LV', 'Letonia'),
(124, 'LB', 'Líbano'),
(125, 'LR', 'Liberia'),
(126, 'LY', 'Libia'),
(127, 'LI', 'Liechtenstein'),
(128, 'LT', 'Lituania'),
(129, 'LU', 'Luxemburgo'),
(130, 'MO', 'Macao'),
(131, 'MK', 'ARY Macedonia'),
(132, 'MG', 'Madagascar'),
(133, 'MY', 'Malasia'),
(134, 'MW', 'Malawi'),
(135, 'MV', 'Maldivas'),
(136, 'ML', 'Malí'),
(137, 'MT', 'Malta'),
(138, 'FK', 'Islas Malvinas'),
(139, 'MP', 'Islas Marianas del Norte'),
(140, 'MA', 'Marruecos'),
(141, 'MH', 'Islas Marshall'),
(142, 'MQ', 'Martinica'),
(143, 'MU', 'Mauricio'),
(144, 'MR', 'Mauritania'),
(145, 'YT', 'Mayotte'),
(146, 'MX', 'México'),
(147, 'FM', 'Micronesia'),
(148, 'MD', 'Moldavia'),
(149, 'MC', 'Mónaco'),
(150, 'MN', 'Mongolia'),
(151, 'MS', 'Montserrat'),
(152, 'MZ', 'Mozambique'),
(153, 'MM', 'Myanmar'),
(154, 'NA', 'Namibia'),
(155, 'NR', 'Nauru'),
(156, 'NP', 'Nepal'),
(157, 'NI', 'Nicaragua'),
(158, 'NE', 'Níger'),
(159, 'NG', 'Nigeria'),
(160, 'NU', 'Niue'),
(161, 'NF', 'Isla Norfolk'),
(162, 'NO', 'Noruega'),
(163, 'NC', 'Nueva Caledonia'),
(164, 'NZ', 'Nueva Zelanda'),
(165, 'OM', 'Omán'),
(166, 'NL', 'Países Bajos'),
(167, 'PK', 'Pakistán'),
(168, 'PW', 'Palau'),
(169, 'PS', 'Palestina'),
(170, 'PA', 'Panamá'),
(171, 'PG', 'Papúa Nueva Guinea'),
(172, 'PY', 'Paraguay'),
(173, 'PE', 'Perú'),
(174, 'PN', 'Islas Pitcairn'),
(175, 'PF', 'Polinesia Francesa'),
(176, 'PL', 'Polonia'),
(177, 'PT', 'Portugal'),
(178, 'PR', 'Puerto Rico'),
(179, 'QA', 'Qatar'),
(180, 'GB', 'Reino Unido'),
(181, 'RE', 'Reunión'),
(182, 'RW', 'Ruanda'),
(183, 'RO', 'Rumania'),
(184, 'RU', 'Rusia'),
(185, 'EH', 'Sahara Occidental'),
(186, 'SB', 'Islas Salomón'),
(187, 'WS', 'Samoa'),
(188, 'AS', 'Samoa Americana'),
(189, 'KN', 'San Cristóbal y Nevis'),
(190, 'SM', 'San Marino'),
(191, 'PM', 'San Pedro y Miquelón'),
(192, 'VC', 'San Vicente y las Granadinas'),
(193, 'SH', 'Santa Helena'),
(194, 'LC', 'Santa Lucía'),
(195, 'ST', 'Santo Tomé y Príncipe'),
(196, 'SN', 'Senegal'),
(197, 'CS', 'Serbia y Montenegro'),
(198, 'SC', 'Seychelles'),
(199, 'SL', 'Sierra Leona'),
(200, 'SG', 'Singapur'),
(201, 'SY', 'Siria'),
(202, 'SO', 'Somalia'),
(203, 'LK', 'Sri Lanka'),
(204, 'SZ', 'Suazilandia'),
(205, 'ZA', 'Sudáfrica'),
(206, 'SD', 'Sudán'),
(207, 'SE', 'Suecia'),
(208, 'CH', 'Suiza'),
(209, 'SR', 'Surinam'),
(210, 'SJ', 'Svalbard y Jan Mayen'),
(211, 'TH', 'Tailandia'),
(212, 'TW', 'Taiwán'),
(213, 'TZ', 'Tanzania'),
(214, 'TJ', 'Tayikistán'),
(215, 'IO', 'Territorio Británico del Océano Índico'),
(216, 'TF', 'Territorios Australes Franceses'),
(217, 'TL', 'Timor Oriental'),
(218, 'TG', 'Togo'),
(219, 'TK', 'Tokelau'),
(220, 'TO', 'Tonga'),
(221, 'TT', 'Trinidad y Tobago'),
(222, 'TN', 'Túnez'),
(223, 'TC', 'Islas Turcas y Caicos'),
(224, 'TM', 'Turkmenistán'),
(225, 'TR', 'Turquía'),
(226, 'TV', 'Tuvalu'),
(227, 'UA', 'Ucrania'),
(228, 'UG', 'Uganda'),
(229, 'UY', 'Uruguay'),
(230, 'UZ', 'Uzbekistán'),
(231, 'VU', 'Vanuatu'),
(232, 'VE', 'Venezuela'),
(233, 'VN', 'Vietnam'),
(234, 'VG', 'Islas Vírgenes Británicas'),
(235, 'VI', 'Islas Vírgenes de los Estados Unidos'),
(236, 'WF', 'Wallis y Futuna'),
(237, 'YE', 'Yemen'),
(238, 'DJ', 'Yibuti'),
(239, 'ZM', 'Zambia'),
(240, 'ZW', 'Zimbabue');

INSERT INTO "entidades_tipousoescenario" ("id", "descripcion") VALUES
(1,	'Aficionado'),
(2,	'Alto Rendimiento');

INSERT INTO "entidades_tipoescenario" ("id", "descripcion") VALUES
(1,	'Estadio'),
(2,	'Coliseo'),
(3,	'Velódromo'),
(4,	'Piscina Olímpica'),
(5,	'Pista Atlética'),
(6,	'Cancha Comunal');

INSERT INTO "entidades_nacionalidad" ("id","iso","nombre") VALUES
(1, 'AF', 'Afganistán'),
(2, 'AX', 'Islas Gland'),
(3, 'AL', 'Albania'),
(4, 'DE', 'Alemania'),
(5, 'AD', 'Andorra'),
(6, 'AO', 'Angola'),
(7, 'AI', 'Anguilla'),
(8, 'AQ', 'Antártida'),
(9, 'AG', 'Antigua y Barbuda'),
(10, 'AN', 'Antillas Holandesas'),
(11, 'SA', 'Arabia Saudí'),
(12, 'DZ', 'Argelia'),
(13, 'AR', 'Argentina'),
(14, 'AM', 'Armenia'),
(15, 'AW', 'Aruba'),
(16, 'AU', 'Australia'),
(17, 'AT', 'Austria'),
(18, 'AZ', 'Azerbaiyán'),
(19, 'BS', 'Bahamas'),
(20, 'BH', 'Bahréin'),
(21, 'BD', 'Bangladesh'),
(22, 'BB', 'Barbados'),
(23, 'BY', 'Bielorrusia'),
(24, 'BE', 'Bélgica'),
(25, 'BZ', 'Belice'),
(26, 'BJ', 'Benin'),
(27, 'BM', 'Bermudas'),
(28, 'BT', 'Bhután'),
(29, 'BO', 'Bolivia'),
(30, 'BA', 'Bosnia y Herzegovina'),
(31, 'BW', 'Botsuana'),
(32, 'BV', 'Isla Bouvet'),
(33, 'BR', 'Brasil'),
(34, 'BN', 'Brunéi'),
(35, 'BG', 'Bulgaria'),
(36, 'BF', 'Burkina Faso'),
(37, 'BI', 'Burundi'),
(38, 'CV', 'Cabo Verde'),
(39, 'KY', 'Islas Caimán'),
(40, 'KH', 'Camboya'),
(41, 'CM', 'Camerún'),
(42, 'CA', 'Canadá'),
(43, 'CF', 'República Centroafricana'),
(44, 'TD', 'Chad'),
(45, 'CZ', 'República Checa'),
(46, 'CL', 'Chile'),
(47, 'CN', 'China'),
(48, 'CY', 'Chipre'),
(49, 'CX', 'Isla de Navidad'),
(50, 'VA', 'Ciudad del Vaticano'),
(51, 'CC', 'Islas Cocos'),
(52, 'CO', 'Colombia'),
(53, 'KM', 'Comoras'),
(54, 'CD', 'República Democrática del Congo'),
(55, 'CG', 'Congo'),
(56, 'CK', 'Islas Cook'),
(57, 'KP', 'Corea del Norte'),
(58, 'KR', 'Corea del Sur'),
(59, 'CI', 'Costa de Marfil'),
(60, 'CR', 'Costa Rica'),
(61, 'HR', 'Croacia'),
(62, 'CU', 'Cuba'),
(63, 'DK', 'Dinamarca'),
(64, 'DM', 'Dominica'),
(65, 'DO', 'República Dominicana'),
(66, 'EC', 'Ecuador'),
(67, 'EG', 'Egipto'),
(68, 'SV', 'El Salvador'),
(69, 'AE', 'Emiratos Árabes Unidos'),
(70, 'ER', 'Eritrea'),
(71, 'SK', 'Eslovaquia'),
(72, 'SI', 'Eslovenia'),
(73, 'ES', 'España'),
(74, 'UM', 'Islas ultramarinas de Estados Unidos'),
(75, 'US', 'Estados Unidos'),
(76, 'EE', 'Estonia'),
(77, 'ET', 'Etiopía'),
(78, 'FO', 'Islas Feroe'),
(79, 'PH', 'Filipinas'),
(80, 'FI', 'Finlandia'),
(81, 'FJ', 'Fiyi'),
(82, 'FR', 'Francia'),
(83, 'GA', 'Gabón'),
(84, 'GM', 'Gambia'),
(85, 'GE', 'Georgia'),
(86, 'GS', 'Islas Georgias del Sur y Sandwich del Sur'),
(87, 'GH', 'Ghana'),
(88, 'GI', 'Gibraltar'),
(89, 'GD', 'Granada'),
(90, 'GR', 'Grecia'),
(91, 'GL', 'Groenlandia'),
(92, 'GP', 'Guadalupe'),
(93, 'GU', 'Guam'),
(94, 'GT', 'Guatemala'),
(95, 'GF', 'Guayana Francesa'),
(96, 'GN', 'Guinea'),
(97, 'GQ', 'Guinea Ecuatorial'),
(98, 'GW', 'Guinea-Bissau'),
(99, 'GY', 'Guyana'),
(100, 'HT', 'Haití'),
(101, 'HM', 'Islas Heard y McDonald'),
(102, 'HN', 'Honduras'),
(103, 'HK', 'Hong Kong'),
(104, 'HU', 'Hungría'),
(105, 'IN', 'India'),
(106, 'ID', 'Indonesia'),
(107, 'IR', 'Irán'),
(108, 'IQ', 'Iraq'),
(109, 'IE', 'Irlanda'),
(110, 'IS', 'Islandia'),
(111, 'IL', 'Israel'),
(112, 'IT', 'Italia'),
(113, 'JM', 'Jamaica'),
(114, 'JP', 'Japón'),
(115, 'JO', 'Jordania'),
(116, 'KZ', 'Kazajstán'),
(117, 'KE', 'Kenia'),
(118, 'KG', 'Kirguistán'),
(119, 'KI', 'Kiribati'),
(120, 'KW', 'Kuwait'),
(121, 'LA', 'Laos'),
(122, 'LS', 'Lesotho'),
(123, 'LV', 'Letonia'),
(124, 'LB', 'Líbano'),
(125, 'LR', 'Liberia'),
(126, 'LY', 'Libia'),
(127, 'LI', 'Liechtenstein'),
(128, 'LT', 'Lituania'),
(129, 'LU', 'Luxemburgo'),
(130, 'MO', 'Macao'),
(131, 'MK', 'ARY Macedonia'),
(132, 'MG', 'Madagascar'),
(133, 'MY', 'Malasia'),
(134, 'MW', 'Malawi'),
(135, 'MV', 'Maldivas'),
(136, 'ML', 'Malí'),
(137, 'MT', 'Malta'),
(138, 'FK', 'Islas Malvinas'),
(139, 'MP', 'Islas Marianas del Norte'),
(140, 'MA', 'Marruecos'),
(141, 'MH', 'Islas Marshall'),
(142, 'MQ', 'Martinica'),
(143, 'MU', 'Mauricio'),
(144, 'MR', 'Mauritania'),
(145, 'YT', 'Mayotte'),
(146, 'MX', 'México'),
(147, 'FM', 'Micronesia'),
(148, 'MD', 'Moldavia'),
(149, 'MC', 'Mónaco'),
(150, 'MN', 'Mongolia'),
(151, 'MS', 'Montserrat'),
(152, 'MZ', 'Mozambique'),
(153, 'MM', 'Myanmar'),
(154, 'NA', 'Namibia'),
(155, 'NR', 'Nauru'),
(156, 'NP', 'Nepal'),
(157, 'NI', 'Nicaragua'),
(158, 'NE', 'Níger'),
(159, 'NG', 'Nigeria'),
(160, 'NU', 'Niue'),
(161, 'NF', 'Isla Norfolk'),
(162, 'NO', 'Noruega'),
(163, 'NC', 'Nueva Caledonia'),
(164, 'NZ', 'Nueva Zelanda'),
(165, 'OM', 'Omán'),
(166, 'NL', 'Países Bajos'),
(167, 'PK', 'Pakistán'),
(168, 'PW', 'Palau'),
(169, 'PS', 'Palestina'),
(170, 'PA', 'Panamá'),
(171, 'PG', 'Papúa Nueva Guinea'),
(172, 'PY', 'Paraguay'),
(173, 'PE', 'Perú'),
(174, 'PN', 'Islas Pitcairn'),
(175, 'PF', 'Polinesia Francesa'),
(176, 'PL', 'Polonia'),
(177, 'PT', 'Portugal'),
(178, 'PR', 'Puerto Rico'),
(179, 'QA', 'Qatar'),
(180, 'GB', 'Reino Unido'),
(181, 'RE', 'Reunión'),
(182, 'RW', 'Ruanda'),
(183, 'RO', 'Rumania'),
(184, 'RU', 'Rusia'),
(185, 'EH', 'Sahara Occidental'),
(186, 'SB', 'Islas Salomón'),
(187, 'WS', 'Samoa'),
(188, 'AS', 'Samoa Americana'),
(189, 'KN', 'San Cristóbal y Nevis'),
(190, 'SM', 'San Marino'),
(191, 'PM', 'San Pedro y Miquelón'),
(192, 'VC', 'San Vicente y las Granadinas'),
(193, 'SH', 'Santa Helena'),
(194, 'LC', 'Santa Lucía'),
(195, 'ST', 'Santo Tomé y Príncipe'),
(196, 'SN', 'Senegal'),
(197, 'CS', 'Serbia y Montenegro'),
(198, 'SC', 'Seychelles'),
(199, 'SL', 'Sierra Leona'),
(200, 'SG', 'Singapur'),
(201, 'SY', 'Siria'),
(202, 'SO', 'Somalia'),
(203, 'LK', 'Sri Lanka'),
(204, 'SZ', 'Suazilandia'),
(205, 'ZA', 'Sudáfrica'),
(206, 'SD', 'Sudán'),
(207, 'SE', 'Suecia'),
(208, 'CH', 'Suiza'),
(209, 'SR', 'Surinam'),
(210, 'SJ', 'Svalbard y Jan Mayen'),
(211, 'TH', 'Tailandia'),
(212, 'TW', 'Taiwán'),
(213, 'TZ', 'Tanzania'),
(214, 'TJ', 'Tayikistán'),
(215, 'IO', 'Territorio Británico del Océano Índico'),
(216, 'TF', 'Territorios Australes Franceses'),
(217, 'TL', 'Timor Oriental'),
(218, 'TG', 'Togo'),
(219, 'TK', 'Tokelau'),
(220, 'TO', 'Tonga'),
(221, 'TT', 'Trinidad y Tobago'),
(222, 'TN', 'Túnez'),
(223, 'TC', 'Islas Turcas y Caicos'),
(224, 'TM', 'Turkmenistán'),
(225, 'TR', 'Turquía'),
(226, 'TV', 'Tuvalu'),
(227, 'UA', 'Ucrania'),
(228, 'UG', 'Uganda'),
(229, 'UY', 'Uruguay'),
(230, 'UZ', 'Uzbekistán'),
(231, 'VU', 'Vanuatu'),
(232, 'VE', 'Venezuela'),
(233, 'VN', 'Vietnam'),
(234, 'VG', 'Islas Vírgenes Británicas'),
(235, 'VI', 'Islas Vírgenes de los Estados Unidos'),
(236, 'WF', 'Wallis y Futuna'),
(237, 'YE', 'Yemen'),
(238, 'DJ', 'Yibuti'),
(239, 'ZM', 'Zambia'),
(240, 'ZW', 'Zimbabue');